ifInOctets,ifOutOctets,ifOutDiscards,ifInUcastPkts,ifInNUcastPkts,ifInDiscards,ifOutUcastPkts,ifOutNUcastPkts,tcpOutRsts,tcpInSegs,tcpOutSegs,tcpPassiveOpens,tcpRetransSegs,tcpCurrEstab,tcpEstabResets,tcpActiveOpens,udpInDatagrams,udpOutDatagrams,udpInErrors,udpNoPorts,ipSystemStatsInReceives,ipSystemStatsInDelivers,ipSystemStatsOutRequests,ipSystemStatsOutDiscards,ipSystemStatsInDiscards,ipSystemStatsInForwDatagrams,ipSystemStatsOutNoRoutes,ipSystemStatsInAddrErrors,icmpInMsgs,icmpInDestUnreachs,icmpOutMsgs,icmpOutDestUnreachs,icmpInEchos,icmpOutEchoReps
11972878,11972878,0,307223,0,0,307223,0,538,15720,15390,0,153,6,368,652,51429,30666,187,170,27103,27034,30954,52,0,2,29,3,2309,2162,2382,2162,74,74
11985246,11985246,0,307293,0,0,307293,0,538,15721,15391,0,153,6,368,652,51497,30734,187,170,27103,27034,30954,52,0,2,29,3,2309,2162,2382,2162,74,74
11997378,11997378,0,307361,0,0,307361,0,538,15723,15393,0,153,6,368,652,51565,30802,187,170,27103,27034,30954,52,0,2,29,3,2309,2162,2382,2162,74,74
12009510,12009510,0,307429,0,0,307429,0,538,15724,15394,0,153,6,368,652,51633,30870,187,170,27103,27034,30954,52,0,2,29,3,2309,2162,2382,2162,74,74
12021642,12021642,0,307497,0,0,307497,0,538,15726,15396,0,153,6,368,652,51701,30938,187,170,27103,27034,30954,52,0,2,29,3,2309,2162,2382,2162,74,74
12033774,12033774,0,307565,0,0,307565,0,538,15727,15397,0,153,6,368,652,51769,31006,187,170,27103,27034,30954,52,0,2,29,3,2309,2162,2382,2162,74,74
12045906,12045906,0,307633,0,0,307633,0,538,15729,15399,0,153,6,368,652,51837,31074,187,170,27532,27463,31381,52,0,2,29,3,2309,2162,2382,2162,74,74
12058038,12058038,0,307701,0,0,307701,0,538,15730,15400,0,153,6,368,652,51905,31142,187,170,27532,27463,31381,52,0,2,29,3,2309,2162,2382,2162,74,74
12070170,12070170,0,307769,0,0,307769,0,538,15732,15402,0,153,6,368,652,51973,31210,187,170,27532,27463,31381,52,0,2,29,3,2309,2162,2382,2162,74,74
12082302,12082302,0,307837,0,0,307837,0,538,15735,15407,0,153,4,368,652,52041,31278,187,170,27532,27463,31381,52,0,2,29,3,2309,2162,2382,2162,74,74
12094434,12094434,0,307905,0,0,307905,0,538,15739,15412,0,153,3,368,652,52109,31346,187,170,27532,27463,31381,52,0,2,29,3,2309,2162,2382,2162,74,74
12106566,12106566,0,307973,0,0,307973,0,538,15739,15412,0,153,3,368,652,52177,31414,187,170,27532,27463,31381,52,0,2,29,3,2309,2162,2382,2162,74,74
12118698,12118698,0,308041,0,0,308041,0,538,15739,15412,0,153,3,368,652,52245,31482,187,170,27532,27463,31381,52,0,2,29,3,2309,2162,2382,2162,74,74
12130830,12130830,0,308109,0,0,308109,0,538,15753,15423,0,153,4,368,653,52314,31551,187,170,27532,27463,31381,52,0,2,29,3,2309,2162,2382,2162,74,74
12142962,12142962,0,308177,0,0,308177,0,538,15804,15472,0,153,7,368,657,52387,31624,187,170,27532,27463,31381,52,0,2,29,3,2309,2162,2382,2162,74,74
12155094,12155094,0,308245,0,0,308245,0,538,15829,15495,0,153,7,368,657,52457,31694,187,170,27532,27463,31381,52,0,2,29,3,2309,2162,2382,2162,74,74
12167226,12167226,0,308313,0,0,308313,0,538,15840,15506,0,153,7,368,657,52525,31762,187,170,27532,27463,31381,52,0,2,29,3,2309,2162,2382,2162,74,74
12179358,12179358,0,308381,0,0,308381,0,538,15850,15513,0,153,6,368,657,52593,31830,187,170,27532,27463,31381,52,0,2,29,3,2309,2162,2382,2162,74,74
12191490,12191490,0,308449,0,0,308449,0,538,15850,15513,0,153,6,368,657,52661,31898,187,170,28458,28389,32302,52,0,2,29,3,2309,2162,2382,2162,74,74
12203622,12203622,0,308517,0,0,308517,0,538,15850,15513,0,153,6,368,657,52729,31966,187,170,28458,28389,32302,52,0,2,29,3,2309,2162,2382,2162,74,74
12215754,12215754,0,308585,0,0,308585,0,538,15850,15513,0,153,6,368,657,52797,32034,187,170,28458,28389,32302,52,0,2,29,3,2309,2162,2382,2162,74,74
12227886,12227886,0,308653,0,0,308653,0,538,15852,15517,0,153,5,368,657,52865,32103,187,170,28458,28389,32302,52,0,2,29,3,2309,2162,2382,2162,74,74
12240018,12240018,0,308721,0,0,308721,0,538,15854,15518,0,153,5,368,657,52933,32171,187,170,28458,28389,32302,52,0,2,29,3,2309,2162,2382,2162,74,74
12252150,12252150,0,308789,0,0,308789,0,538,15854,15518,0,153,5,368,657,53001,32239,187,170,28458,28389,32302,52,0,2,29,3,2309,2162,2382,2162,74,74
12264282,12264282,0,308857,0,0,308857,0,538,15854,15518,0,153,5,368,657,53069,32307,187,170,28458,28389,32302,52,0,2,29,3,2309,2162,2382,2162,74,74
12276414,12276414,0,308925,0,0,308925,0,538,15863,15525,0,153,5,368,657,53137,32375,187,170,28458,28389,32302,52,0,2,29,3,2309,2162,2382,2162,74,74
12288546,12288546,0,308993,0,0,308993,0,538,15864,15527,0,153,5,368,657,53205,32443,187,170,28458,28389,32302,52,0,2,29,3,2309,2162,2382,2162,74,74
12300678,12300678,0,309061,0,0,309061,0,538,15864,15527,0,153,5,368,657,53273,32511,187,170,28458,28389,32302,52,0,2,29,3,2309,2162,2382,2162,74,74
12312810,12312810,0,309129,0,0,309129,0,538,15864,15527,0,153,5,368,657,53341,32579,187,170,28458,28389,32302,52,0,2,29,3,2309,2162,2382,2162,74,74
12324942,12324942,0,309197,0,0,309197,0,538,15866,15529,0,153,5,368,657,53409,32647,187,170,28458,28389,32302,52,0,2,29,3,2309,2162,2382,2162,74,74
12337074,12337074,0,309265,0,0,309265,0,538,15866,15529,0,153,5,368,657,53477,32715,187,170,29292,29221,33132,52,0,2,29,3,2309,2162,2382,2162,74,74
12349206,12349206,0,309333,0,0,309333,0,538,15866,15529,0,153,5,368,657,53545,32783,187,170,29292,29221,33132,52,0,2,29,3,2309,2162,2382,2162,74,74
12361338,12361338,0,309401,0,0,309401,0,538,15866,15529,0,153,5,368,657,53613,32851,187,170,29292,29221,33132,52,0,2,29,3,2309,2162,2382,2162,74,74
12373470,12373470,0,309469,0,0,309469,0,538,15866,15529,0,153,5,368,657,53681,32919,187,170,29292,29221,33132,52,0,2,29,3,2309,2162,2382,2162,74,74
12385602,12385602,0,309537,0,0,309537,0,538,15868,15530,0,153,5,368,657,53749,32987,187,170,29292,29221,33132,52,0,2,29,3,2309,2162,2382,2162,74,74
12397734,12397734,0,309605,0,0,309605,0,538,15868,15530,0,153,5,368,657,53817,33055,187,170,29292,29221,33132,52,0,2,29,3,2309,2162,2382,2162,74,74
12409866,12409866,0,309673,0,0,309673,0,538,15870,15532,0,153,5,368,657,53885,33123,187,170,29292,29221,33132,52,0,2,29,3,2309,2162,2382,2162,74,74
12421998,12421998,0,309741,0,0,309741,0,538,15870,15532,0,153,5,368,657,53953,33191,187,170,29292,29221,33132,52,0,2,29,3,2309,2162,2382,2162,74,74
12434130,12434130,0,309809,0,0,309809,0,538,15871,15534,0,153,5,368,657,54021,33259,187,170,29292,29221,33132,52,0,2,29,3,2309,2162,2382,2162,74,74
12446262,12446262,0,309877,0,0,309877,0,538,15871,15534,0,153,5,368,657,54089,33327,187,170,29292,29221,33132,52,0,2,29,3,2309,2162,2382,2162,74,74
12458394,12458394,0,309945,0,0,309945,0,538,15871,15534,0,153,5,368,657,54157,33395,187,170,29292,29221,33132,52,0,2,29,3,2309,2162,2382,2162,74,74
12470526,12470526,0,310013,0,0,310013,0,538,15878,15541,0,153,4,368,657,54225,33463,187,170,29292,29221,33132,52,0,2,29,3,2309,2162,2382,2162,74,74
12482658,12482658,0,310081,0,0,310081,0,538,15878,15541,0,153,4,368,657,54293,33531,187,170,30121,30050,33960,52,0,2,29,3,2309,2162,2382,2162,74,74
12494790,12494790,0,310149,0,0,310149,0,538,15878,15541,0,153,4,368,657,54361,33600,187,170,30121,30050,33960,52,0,2,29,3,2309,2162,2382,2162,74,74
12506922,12506922,0,310217,0,0,310217,0,538,15878,15541,0,153,4,368,657,54429,33668,187,170,30121,30050,33960,52,0,2,29,3,2309,2162,2382,2162,74,74
12519054,12519054,0,310285,0,0,310285,0,538,15883,15547,0,153,4,368,658,54499,33738,187,170,30121,30050,33960,52,0,2,29,3,2309,2162,2382,2162,74,74
12531186,12531186,0,310353,0,0,310353,0,538,15885,15548,0,153,4,368,658,54567,33806,187,170,30121,30050,33960,52,0,2,29,3,2309,2162,2382,2162,74,74
12543318,12543318,0,310421,0,0,310421,0,538,15885,15548,0,153,4,368,658,54635,33874,187,170,30121,30050,33960,52,0,2,29,3,2309,2162,2382,2162,74,74
12555450,12555450,0,310489,0,0,310489,0,538,15889,15554,0,153,3,368,658,54703,33942,187,170,30121,30050,33960,52,0,2,29,3,2309,2162,2382,2162,74,74
12567582,12567582,0,310557,0,0,310557,0,538,15889,15554,0,153,3,368,658,54771,34010,187,170,30121,30050,33960,52,0,2,29,3,2309,2162,2382,2162,74,74
12579714,12579714,0,310625,0,0,310625,0,538,15889,15554,0,153,3,368,658,54839,34078,187,170,30121,30050,33960,52,0,2,29,3,2309,2162,2382,2162,74,74
12591846,12591846,0,310693,0,0,310693,0,538,15889,15554,0,153,3,368,658,54907,34146,187,170,30121,30050,33960,52,0,2,29,3,2309,2162,2382,2162,74,74
12603978,12603978,0,310761,0,0,310761,0,538,15894,15560,0,153,3,368,659,54977,34216,187,170,30121,30050,33960,52,0,2,29,3,2309,2162,2382,2162,74,74
12616110,12616110,0,310829,0,0,310829,0,538,15894,15560,0,153,3,368,659,55045,34284,187,170,30121,30050,33960,52,0,2,29,3,2309,2162,2382,2162,74,74
12628242,12628242,0,310897,0,0,310897,0,538,15894,15560,0,153,3,368,659,55113,34352,187,170,30952,30881,34793,52,0,2,29,3,2309,2162,2382,2162,74,74
12640374,12640374,0,310965,0,0,310965,0,538,15894,15560,0,153,3,368,659,55181,34420,187,170,30952,30881,34793,52,0,2,29,3,2309,2162,2382,2162,74,74
12652506,12652506,0,311033,0,0,311033,0,538,15894,15560,0,153,3,368,659,55249,34488,187,170,30952,30881,34793,52,0,2,29,3,2309,2162,2382,2162,74,74
12664638,12664638,0,311101,0,0,311101,0,538,15894,15560,0,153,3,368,659,55317,34556,187,170,30952,30881,34793,52,0,2,29,3,2309,2162,2382,2162,74,74
12676770,12676770,0,311169,0,0,311169,0,538,15896,15561,0,153,3,368,659,55385,34624,187,170,30952,30881,34793,52,0,2,29,3,2309,2162,2382,2162,74,74
12688902,12688902,0,311237,0,0,311237,0,538,15900,15565,0,153,2,368,659,55453,34692,187,170,30952,30881,34793,52,0,2,29,3,2309,2162,2382,2162,74,74
12701034,12701034,0,311305,0,0,311305,0,538,15900,15565,0,153,2,368,659,55521,34760,187,170,30952,30881,34793,52,0,2,29,3,2309,2162,2382,2162,74,74
12713166,12713166,0,311373,0,0,311373,0,538,15900,15565,0,153,2,368,659,55589,34828,187,170,30952,30881,34793,52,0,2,29,3,2309,2162,2382,2162,74,74
12725298,12725298,0,311441,0,0,311441,0,538,15900,15565,0,153,2,368,659,55657,34896,187,170,30952,30881,34793,52,0,2,29,3,2309,2162,2382,2162,74,74
12737430,12737430,0,311509,0,0,311509,0,538,15900,15565,0,153,2,368,659,55725,34964,187,170,30952,30881,34793,52,0,2,29,3,2309,2162,2382,2162,74,74
12749562,12749562,0,311577,0,0,311577,0,538,15900,15565,0,153,2,368,659,55793,35032,187,170,30952,30881,34793,52,0,2,29,3,2309,2162,2382,2162,74,74
12761694,12761694,0,311645,0,0,311645,0,538,15900,15565,0,153,2,368,659,55861,35100,187,170,30952,30881,34793,52,0,2,29,3,2309,2162,2382,2162,74,74
12773826,12773826,0,311713,0,0,311713,0,538,15900,15565,0,153,2,368,659,55929,35169,187,170,31776,31704,35614,52,0,2,29,3,2309,2162,2382,2162,74,74
12785958,12785958,0,311781,0,0,311781,0,538,15900,15565,0,153,2,368,659,55997,35237,187,170,31776,31704,35614,52,0,2,29,3,2309,2162,2382,2162,74,74
12798090,12798090,0,311849,0,0,311849,0,538,15900,15565,0,153,2,368,659,56065,35305,187,170,31776,31704,35614,52,0,2,29,3,2309,2162,2382,2162,74,74
12810222,12810222,0,311917,0,0,311917,0,538,15900,15565,0,153,2,368,659,56133,35373,187,170,31776,31704,35614,52,0,2,29,3,2309,2162,2382,2162,74,74
12822354,12822354,0,311985,0,0,311985,0,538,15902,15566,0,153,2,368,659,56201,35441,187,170,31776,31704,35614,52,0,2,29,3,2309,2162,2382,2162,74,74
12834486,12834486,0,312053,0,0,312053,0,538,15902,15566,0,153,2,368,659,56269,35509,187,170,31776,31704,35614,52,0,2,29,3,2309,2162,2382,2162,74,74
12846618,12846618,0,312121,0,0,312121,0,538,15902,15566,0,153,2,368,659,56337,35577,187,170,31776,31704,35614,52,0,2,29,3,2309,2162,2382,2162,74,74
12858750,12858750,0,312189,0,0,312189,0,538,15916,15580,0,153,3,368,660,56406,35646,187,170,31776,31704,35614,52,0,2,29,3,2309,2162,2382,2162,74,74
12870882,12870882,0,312257,0,0,312257,0,538,15916,15580,0,153,3,368,660,56474,35714,187,170,31776,31704,35614,52,0,2,29,3,2309,2162,2382,2162,74,74
12883014,12883014,0,312325,0,0,312325,0,538,15916,15580,0,153,3,368,660,56542,35782,187,170,31776,31704,35614,52,0,2,29,3,2309,2162,2382,2162,74,74
12895146,12895146,0,312393,0,0,312393,0,538,15916,15580,0,153,3,368,660,56610,35850,187,170,31776,31704,35614,52,0,2,29,3,2309,2162,2382,2162,74,74
12907278,12907278,0,312461,0,0,312461,0,538,15916,15580,0,153,3,368,660,56678,35918,187,170,31776,31704,35614,52,0,2,29,3,2309,2162,2382,2162,74,74
12919410,12919410,0,312529,0,0,312529,0,538,15916,15580,0,153,3,368,660,56746,35986,187,170,32609,32537,36446,52,0,2,29,3,2309,2162,2382,2162,74,74
12931542,12931542,0,312597,0,0,312597,0,538,15916,15580,0,153,3,368,660,56814,36054,187,170,32609,32537,36446,52,0,2,29,3,2309,2162,2382,2162,74,74
12943674,12943674,0,312665,0,0,312665,0,538,15916,15580,0,153,3,368,660,56882,36122,187,170,32609,32537,36446,52,0,2,29,3,2309,2162,2382,2162,74,74
12955806,12955806,0,312733,0,0,312733,0,538,15916,15580,0,153,3,368,660,56950,36190,187,170,32609,32537,36446,52,0,2,29,3,2309,2162,2382,2162,74,74
12967938,12967938,0,312801,0,0,312801,0,538,15916,15580,0,153,3,368,660,57018,36258,187,170,32609,32537,36446,52,0,2,29,3,2309,2162,2382,2162,74,74
12980070,12980070,0,312869,0,0,312869,0,538,15916,15580,0,153,3,368,660,57086,36326,187,170,32609,32537,36446,52,0,2,29,3,2309,2162,2382,2162,74,74
12992202,12992202,0,312937,0,0,312937,0,538,15916,15581,0,153,3,368,660,57154,36394,187,170,32609,32537,36446,52,0,2,29,3,2309,2162,2382,2162,74,74
13004334,13004334,0,313005,0,0,313005,0,538,15916,15581,0,158,3,368,660,57222,36462,187,170,32609,32537,36446,52,0,2,29,3,2309,2162,2382,2162,74,74
13016466,13016466,0,313073,0,0,313073,0,538,15916,15582,0,159,2,368,660,57290,36530,187,170,32609,32537,36446,52,0,2,29,3,2309,2162,2382,2162,74,74
13028598,13028598,0,313141,0,0,313141,0,538,15916,15582,0,159,2,368,660,57358,36598,187,170,32609,32537,36446,52,0,2,29,3,2309,2162,2382,2162,74,74
13040730,13040730,0,313209,0,0,313209,0,538,15916,15582,0,160,2,368,660,57426,36667,187,170,32609,32537,36446,52,0,2,29,3,2309,2162,2382,2162,74,74
13052862,13052862,0,313277,0,0,313277,0,538,15916,15582,0,160,2,368,660,57494,36735,187,170,32609,32537,36446,52,0,2,29,3,2309,2162,2382,2162,74,74
13064994,13064994,0,313345,0,0,313345,0,538,15916,15582,0,160,2,368,660,57562,36803,187,170,33427,33354,37271,52,0,2,29,3,2309,2162,2382,2162,74,74
13077126,13077126,0,313413,0,0,313413,0,538,15916,15582,0,161,2,368,660,57630,36871,187,170,33427,33354,37271,52,0,2,29,3,2309,2162,2382,2162,74,74
13089258,13089258,0,313481,0,0,313481,0,538,15916,15582,0,161,2,368,660,57698,36939,187,170,33427,33354,37271,52,0,2,29,3,2309,2162,2382,2162,74,74
13101390,13101390,0,313549,0,0,313549,0,538,15916,15582,0,161,2,368,660,57766,37007,187,170,33427,33354,37271,52,0,2,29,3,2309,2162,2382,2162,74,74
13113522,13113522,0,313617,0,0,313617,0,538,15916,15582,0,161,2,368,660,57834,37075,187,170,33427,33354,37271,52,0,2,29,3,2309,2162,2382,2162,74,74
13125654,13125654,0,313685,0,0,313685,0,538,15916,15582,0,161,2,368,660,57902,37143,187,170,33427,33354,37271,52,0,2,29,3,2309,2162,2382,2162,74,74
13137786,13137786,0,313753,0,0,313753,0,538,15916,15582,0,161,2,368,660,57970,37211,187,170,33427,33354,37271,52,0,2,29,3,2309,2162,2382,2162,74,74
13149918,13149918,0,313821,0,0,313821,0,538,15916,15582,0,162,2,368,660,58038,37279,187,170,33427,33354,37271,52,0,2,29,3,2309,2162,2382,2162,74,74
13162050,13162050,0,313889,0,0,313889,0,538,15916,15582,0,162,2,368,660,58106,37347,187,170,33427,33354,37271,52,0,2,29,3,2309,2162,2382,2162,74,74
13174182,13174182,0,313957,0,0,313957,0,538,15949,15612,0,162,4,368,662,58178,37419,187,170,33427,33354,37271,52,0,2,29,3,2309,2162,2382,2162,74,74
13186314,13186314,0,314025,0,0,314025,0,538,15958,15615,0,162,4,368,662,58246,37487,187,170,33427,33354,37271,52,0,2,29,3,2309,2162,2382,2162,74,74
13198446,13198446,0,314093,0,0,314093,0,538,15958,15615,0,162,4,368,662,58314,37555,187,170,33427,33354,37271,52,0,2,29,3,2309,2162,2382,2162,74,74
13210578,13210578,0,314161,0,0,314161,0,538,15959,15616,0,162,4,368,662,58382,37623,187,170,34290,34217,38127,52,0,2,29,3,2309,2162,2382,2162,74,74
13222710,13222710,0,314229,0,0,314229,0,538,15959,15616,0,162,4,368,662,58450,37691,187,170,34290,34217,38127,52,0,2,29,3,2309,2162,2382,2162,74,74
13234842,13234842,0,314297,0,0,314297,0,538,15960,15617,0,162,4,368,662,58518,37759,187,170,34290,34217,38127,52,0,2,29,3,2309,2162,2382,2162,74,74
13246974,13246974,0,314365,0,0,314365,0,538,15965,15623,0,162,4,368,663,58588,37829,187,170,34290,34217,38127,52,0,2,29,3,2309,2162,2382,2162,74,74
13259106,13259106,0,314433,0,0,314433,0,538,15966,15624,0,162,4,368,663,58656,37897,187,170,34290,34217,38127,52,0,2,29,3,2309,2162,2382,2162,74,74
13271238,13271238,0,314501,0,0,314501,0,538,15966,15624,0,162,4,368,663,58724,37965,187,170,34290,34217,38127,52,0,2,29,3,2309,2162,2382,2162,74,74
13283370,13283370,0,314569,0,0,314569,0,538,15967,15625,0,162,4,368,663,58792,38033,187,170,34290,34217,38127,52,0,2,29,3,2309,2162,2382,2162,74,74
13295502,13295502,0,314637,0,0,314637,0,538,15967,15627,0,162,4,368,663,58860,38101,187,170,34290,34217,38127,52,0,2,29,3,2309,2162,2382,2162,74,74
13307634,13307634,0,314705,0,0,314705,0,539,15968,15631,0,162,3,369,663,58928,38169,187,170,34290,34217,38127,52,0,2,29,3,2309,2162,2382,2162,74,74
13319766,13319766,0,314773,0,0,314773,0,539,16015,15675,0,162,7,369,667,59004,38246,187,170,34290,34217,38127,52,0,2,29,3,2309,2162,2382,2162,74,74
13331898,13331898,0,314841,0,0,314841,0,539,16022,15685,0,162,6,369,668,59074,38316,187,170,34290,34217,38127,52,0,2,29,3,2309,2162,2382,2162,74,74
13344030,13344030,0,314909,0,0,314909,0,539,16022,15685,0,162,6,369,668,59142,38384,187,170,34290,34217,38127,52,0,2,29,3,2309,2162,2382,2162,74,74
13356162,13356162,0,314977,0,0,314977,0,539,16022,15685,0,162,6,369,668,59210,38452,187,170,35168,35094,39006,52,0,2,29,3,2309,2162,2382,2162,74,74
13368294,13368294,0,315045,0,0,315045,0,539,16022,15685,0,162,6,369,668,59278,38520,187,170,35168,35094,39006,52,0,2,29,3,2309,2162,2382,2162,74,74
13380426,13380426,0,315113,0,0,315113,0,539,16022,15685,0,162,6,369,668,59346,38588,187,170,35168,35094,39006,52,0,2,29,3,2309,2162,2382,2162,74,74
13392558,13392558,0,315181,0,0,315181,0,539,16022,15685,0,162,6,369,668,59414,38656,187,170,35168,35094,39006,52,0,2,29,3,2309,2162,2382,2162,74,74
13404690,13404690,0,315249,0,0,315249,0,539,16022,15685,0,162,6,369,668,59482,38724,187,170,35168,35094,39006,52,0,2,29,3,2309,2162,2382,2162,74,74
13416822,13416822,0,315317,0,0,315317,0,539,16022,15685,0,162,6,369,668,59550,38792,187,170,35168,35094,39006,52,0,2,29,3,2309,2162,2382,2162,74,74
13428954,13428954,0,315385,0,0,315385,0,539,16022,15685,0,162,6,369,668,59618,38860,187,170,35168,35094,39006,52,0,2,29,3,2309,2162,2382,2162,74,74
13441086,13441086,0,315453,0,0,315453,0,539,16022,15685,0,162,6,369,668,59686,38928,187,170,35168,35094,39006,52,0,2,29,3,2309,2162,2382,2162,74,74
13453218,13453218,0,315521,0,0,315521,0,539,16022,15685,0,162,6,369,668,59754,38996,187,170,35168,35094,39006,52,0,2,29,3,2309,2162,2382,2162,74,74
13465350,13465350,0,315589,0,0,315589,0,539,16029,15693,0,162,6,369,668,59822,39064,187,170,35168,35094,39006,52,0,2,29,3,2309,2162,2382,2162,74,74
13477482,13477482,0,315657,0,0,315657,0,539,16029,15693,0,162,6,369,668,59890,39132,187,170,35168,35094,39006,52,0,2,29,3,2309,2162,2382,2162,74,74
13489614,13489614,0,315725,0,0,315725,0,539,16029,15693,0,162,6,369,668,59958,39200,187,170,35168,35094,39006,52,0,2,29,3,2309,2162,2382,2162,74,74
13501746,13501746,0,315793,0,0,315793,0,539,16029,15693,0,162,6,369,668,60026,39268,187,170,35989,35915,39828,52,0,2,29,3,2309,2162,2382,2162,74,74
13513878,13513878,0,315861,0,0,315861,0,539,16029,15693,0,162,6,369,668,60094,39336,187,170,35989,35915,39828,52,0,2,29,3,2309,2162,2382,2162,74,74
13526010,13526010,0,315929,0,0,315929,0,539,16029,15693,0,162,6,369,668,60162,39404,187,170,35989,35915,39828,52,0,2,29,3,2309,2162,2382,2162,74,74
13538142,13538142,0,315997,0,0,315997,0,539,16029,15693,0,162,6,369,668,60230,39472,187,170,35989,35915,39828,52,0,2,29,3,2309,2162,2382,2162,74,74
13550274,13550274,0,316065,0,0,316065,0,539,16029,15693,0,162,6,369,668,60298,39540,187,170,35989,35915,39828,52,0,2,29,3,2309,2162,2382,2162,74,74
13562406,13562406,0,316133,0,0,316133,0,539,16029,15693,0,162,6,369,668,60366,39608,187,170,35989,35915,39828,52,0,2,29,3,2309,2162,2382,2162,74,74
13574538,13574538,0,316201,0,0,316201,0,539,16029,15693,0,162,6,369,668,60434,39676,187,170,35989,35915,39828,52,0,2,29,3,2309,2162,2382,2162,74,74
13586670,13586670,0,316269,0,0,316269,0,539,16029,15693,0,162,6,369,668,60502,39745,187,170,35989,35915,39828,52,0,2,29,3,2309,2162,2382,2162,74,74
13598802,13598802,0,316337,0,0,316337,0,539,16032,15697,0,162,5,369,668,60570,39813,187,170,35989,35915,39828,52,0,2,29,3,2309,2162,2382,2162,74,74
13610934,13610934,0,316405,0,0,316405,0,539,16035,15703,0,162,5,369,668,60638,39881,187,170,35989,35915,39828,52,0,2,29,3,2309,2162,2382,2162,74,74
13623066,13623066,0,316473,0,0,316473,0,539,16035,15703,0,162,5,369,668,60706,39949,187,170,35989,35915,39828,52,0,2,29,3,2309,2162,2382,2162,74,74
13635198,13635198,0,316541,0,0,316541,0,539,16035,15703,0,162,5,369,668,60774,40017,187,170,35989,35915,39828,52,0,2,29,3,2309,2162,2382,2162,74,74
13647330,13647330,0,316609,0,0,316609,0,539,16035,15703,0,162,5,369,668,60842,40085,187,170,36812,36737,40652,52,0,2,29,3,2309,2162,2382,2162,74,74
13659462,13659462,0,316677,0,0,316677,0,539,16035,15703,0,162,5,369,668,60910,40153,187,170,36812,36737,40652,52,0,2,29,3,2309,2162,2382,2162,74,74
13671594,13671594,0,316745,0,0,316745,0,539,16035,15703,0,162,5,369,668,60978,40221,187,170,36812,36737,40652,52,0,2,29,3,2309,2162,2382,2162,74,74
13683726,13683726,0,316813,0,0,316813,0,539,16035,15703,0,162,5,369,668,61046,40289,187,170,36812,36737,40652,52,0,2,29,3,2309,2162,2382,2162,74,74
13695858,13695858,0,316881,0,0,316881,0,539,16035,15703,0,162,5,369,668,61114,40357,187,170,36812,36737,40652,52,0,2,29,3,2309,2162,2382,2162,74,74
13707990,13707990,0,316949,0,0,316949,0,539,16035,15703,0,162,5,369,668,61182,40425,187,170,36812,36737,40652,52,0,2,29,3,2309,2162,2382,2162,74,74
13720122,13720122,0,317017,0,0,317017,0,539,16035,15703,0,162,5,369,668,61250,40493,187,170,36812,36737,40652,52,0,2,29,3,2309,2162,2382,2162,74,74
13732254,13732254,0,317085,0,0,317085,0,539,16044,15715,0,162,2,369,668,61318,40561,187,170,36812,36737,40652,52,0,2,29,3,2309,2162,2382,2162,74,74
13744386,13744386,0,317153,0,0,317153,0,539,16044,15715,0,162,2,369,668,61386,40629,187,170,36812,36737,40652,52,0,2,29,3,2309,2162,2382,2162,74,74
13756518,13756518,0,317221,0,0,317221,0,539,16044,15715,0,162,2,369,668,61454,40697,187,170,36812,36737,40652,52,0,2,29,3,2309,2162,2382,2162,74,74
13768650,13768650,0,317289,0,0,317289,0,539,16044,15715,0,162,2,369,668,61522,40765,187,170,36812,36737,40652,52,0,2,29,3,2309,2162,2382,2162,74,74
13780782,13780782,0,317357,0,0,317357,0,539,16044,15715,0,162,2,369,668,61590,40833,187,170,36812,36737,40652,52,0,2,29,3,2309,2162,2382,2162,74,74
13792914,13792914,0,317425,0,0,317425,0,539,16044,15715,0,162,2,369,668,61658,40901,187,170,37635,37559,41476,52,0,2,29,3,2309,2162,2382,2162,74,74
13805046,13805046,0,317493,0,0,317493,0,539,16044,15715,0,162,2,369,668,61726,40969,187,170,37635,37559,41476,52,0,2,29,3,2309,2162,2382,2162,74,74
13817178,13817178,0,317561,0,0,317561,0,539,16044,15715,0,162,2,369,668,61794,41037,187,170,37635,37559,41476,52,0,2,29,3,2309,2162,2382,2162,74,74
13829310,13829310,0,317629,0,0,317629,0,539,16044,15715,0,162,2,369,668,61862,41105,187,170,37635,37559,41476,52,0,2,29,3,2309,2162,2382,2162,74,74
13841442,13841442,0,317697,0,0,317697,0,539,16044,15715,0,162,2,369,668,61930,41173,187,170,37635,37559,41476,52,0,2,29,3,2309,2162,2382,2162,74,74
13853574,13853574,0,317765,0,0,317765,0,539,16044,15715,0,162,2,369,668,61998,41242,187,170,37635,37559,41476,52,0,2,29,3,2309,2162,2382,2162,74,74
13865706,13865706,0,317833,0,0,317833,0,539,16044,15715,0,162,2,369,668,62066,41310,187,170,37635,37559,41476,52,0,2,29,3,2309,2162,2382,2162,74,74
13877838,13877838,0,317901,0,0,317901,0,539,16044,15715,0,162,2,369,668,62134,41378,187,170,37635,37559,41476,52,0,2,29,3,2309,2162,2382,2162,74,74
13889970,13889970,0,317969,0,0,317969,0,539,16056,15727,0,162,3,369,669,62203,41447,187,170,37635,37559,41476,52,0,2,29,3,2309,2162,2382,2162,74,74
13902102,13902102,0,318037,0,0,318037,0,539,16056,15727,0,162,3,369,669,62271,41515,187,170,37635,37559,41476,52,0,2,29,3,2309,2162,2382,2162,74,74
13914234,13914234,0,318105,0,0,318105,0,539,16098,15760,0,162,5,369,671,62341,41585,187,170,37635,37559,41476,52,0,2,29,3,2309,2162,2382,2162,74,74
13926366,13926366,0,318173,0,0,318173,0,539,16098,15760,0,162,5,369,671,62409,41653,187,170,37635,37559,41476,52,0,2,29,3,2309,2162,2382,2162,74,74
13938498,13938498,0,318241,0,0,318241,0,539,16099,15761,0,162,5,369,671,62477,41721,187,170,38510,38433,42340,52,0,2,29,3,2309,2162,2382,2162,74,74
13950630,13950630,0,318309,0,0,318309,0,539,16099,15761,0,162,5,369,671,62545,41789,187,170,38510,38433,42340,52,0,2,29,3,2309,2162,2382,2162,74,74
13962762,13962762,0,318377,0,0,318377,0,539,16100,15762,0,162,5,369,671,62613,41857,187,170,38510,38433,42340,52,0,2,29,3,2309,2162,2382,2162,74,74
13974894,13974894,0,318445,0,0,318445,0,539,16105,15768,0,162,5,369,672,62683,41927,187,170,38510,38433,42340,52,0,2,29,3,2309,2162,2382,2162,74,74
13987026,13987026,0,318513,0,0,318513,0,539,16106,15769,0,162,5,369,672,62751,41995,187,170,38510,38433,42340,52,0,2,29,3,2309,2162,2382,2162,74,74
13999158,13999158,0,318581,0,0,318581,0,539,16106,15769,0,162,5,369,672,62819,42063,187,170,38510,38433,42340,52,0,2,29,3,2309,2162,2382,2162,74,74
14011290,14011290,0,318649,0,0,318649,0,539,16107,15770,0,162,5,369,672,62887,42131,187,170,38510,38433,42340,52,0,2,29,3,2309,2162,2382,2162,74,74
14023422,14023422,0,318717,0,0,318717,0,539,16109,15772,0,162,5,369,672,62955,42199,187,170,38510,38433,42340,52,0,2,29,3,2309,2162,2382,2162,74,74
14035554,14035554,0,318785,0,0,318785,0,539,16110,15773,0,162,5,369,672,63023,42267,187,170,38510,38433,42340,52,0,2,29,3,2309,2162,2382,2162,74,74
14047686,14047686,0,318853,0,0,318853,0,539,16111,15776,0,162,6,369,673,63093,42337,187,170,38510,38433,42340,52,0,2,29,3,2309,2162,2382,2162,74,74
14059818,14059818,0,318921,0,0,318921,0,539,16119,15785,0,162,4,369,673,63161,42405,187,170,38510,38433,42340,52,0,2,29,3,2309,2162,2382,2162,74,74
14071950,14071950,0,318989,0,0,318989,0,539,16119,15785,0,162,4,369,673,63229,42473,187,170,38510,38433,42340,52,0,2,29,3,2309,2162,2382,2162,74,74
14084082,14084082,0,319057,0,0,319057,0,539,16119,15785,0,162,4,369,673,63297,42541,187,170,39350,39269,43179,52,0,2,29,3,2309,2162,2382,2162,74,74
14096214,14096214,0,319125,0,0,319125,0,539,16119,15785,0,162,4,369,673,63365,42609,187,170,39350,39269,43179,52,0,2,29,3,2309,2162,2382,2162,74,74
14108346,14108346,0,319193,0,0,319193,0,539,16119,15785,0,162,4,369,673,63433,42677,187,170,39350,39269,43179,52,0,2,29,3,2309,2162,2382,2162,74,74
14120478,14120478,0,319261,0,0,319261,0,539,16119,15785,0,162,4,369,673,63501,42745,187,170,39350,39269,43179,52,0,2,29,3,2309,2162,2382,2162,74,74
14132610,14132610,0,319329,0,0,319329,0,539,16119,15785,0,162,4,369,673,63569,42814,187,170,39350,39269,43179,52,0,2,29,3,2309,2162,2382,2162,74,74
14144742,14144742,0,319397,0,0,319397,0,539,16119,15785,0,162,4,369,673,63637,42882,187,170,39350,39269,43179,52,0,2,29,3,2309,2162,2382,2162,74,74
14156874,14156874,0,319465,0,0,319465,0,539,16119,15785,0,162,4,369,673,63705,42950,187,170,39350,39269,43179,52,0,2,29,3,2309,2162,2382,2162,74,74
14169006,14169006,0,319533,0,0,319533,0,539,16120,15787,0,162,4,369,673,63773,43018,187,170,39350,39269,43179,52,0,2,29,3,2309,2162,2382,2162,74,74
14181138,14181138,0,319601,0,0,319601,0,549,16258,15921,0,162,7,369,681,63846,43091,187,170,39350,39269,43179,52,0,2,29,3,2309,2162,2382,2162,74,74
14193270,14193270,0,319669,0,0,319669,0,549,16259,15923,0,162,7,369,681,63914,43159,187,170,39350,39269,43179,52,0,2,29,3,2309,2162,2382,2162,74,74
14205402,14205402,0,319737,0,0,319737,0,549,16259,15923,0,162,7,369,681,63982,43227,187,170,39350,39269,43179,52,0,2,29,3,2309,2162,2382,2162,74,74
14217534,14217534,0,319805,0,0,319805,0,549,16259,15923,0,162,7,369,681,64050,43295,187,170,39350,39269,43179,52,0,2,29,3,2309,2162,2382,2162,74,74
14229666,14229666,0,319873,0,0,319873,0,549,16259,15923,0,162,7,369,681,64118,43363,187,170,40312,40231,44137,52,0,2,29,3,2309,2162,2382,2162,74,74
14241798,14241798,0,319941,0,0,319941,0,549,16259,15923,0,162,7,369,681,64186,43431,187,170,40312,40231,44137,52,0,2,29,3,2309,2162,2382,2162,74,74
14253930,14253930,0,320009,0,0,320009,0,549,16259,15923,0,162,7,369,681,64254,43499,187,170,40312,40231,44137,52,0,2,29,3,2309,2162,2382,2162,74,74
14266062,14266062,0,320077,0,0,320077,0,549,16259,15923,0,162,7,369,681,64322,43567,187,170,40312,40231,44137,52,0,2,29,3,2309,2162,2382,2162,74,74
14278194,14278194,0,320145,0,0,320145,0,549,16275,15940,0,162,8,369,682,64392,43637,187,170,40312,40231,44137,52,0,2,29,3,2309,2162,2382,2162,74,74
14290326,14290326,0,320213,0,0,320213,0,551,17401,16805,0,162,7,371,683,64462,43707,187,170,40312,40231,44137,52,0,2,29,3,2309,2162,2382,2162,74,74
14302458,14302458,0,320281,0,0,320281,0,552,17407,16818,0,162,6,372,684,64533,43778,187,170,40312,40231,44137,52,0,2,29,3,2309,2162,2382,2162,74,74
14314590,14314590,0,320349,0,0,320349,0,553,17428,16839,0,162,6,373,685,64603,43848,187,170,40312,40231,44137,52,0,2,29,3,2309,2162,2382,2162,74,74
14326722,14326722,0,320417,0,0,320417,0,553,17436,16849,0,162,5,373,685,64671,43916,187,170,40312,40231,44137,52,0,2,29,3,2309,2162,2382,2162,74,74
14338854,14338854,0,320485,0,0,320485,0,554,17453,16868,0,162,5,374,686,64741,43986,187,170,40312,40231,44137,52,0,2,29,3,2309,2162,2382,2162,74,74
14350986,14350986,0,320553,0,0,320553,0,554,17453,16868,0,162,5,374,686,64809,44054,187,170,40312,40231,44137,52,0,2,29,3,2309,2162,2382,2162,74,74
14363118,14363118,0,320621,0,0,320621,0,555,17470,16888,0,162,5,375,687,64879,44124,187,170,40312,40231,44137,52,0,2,29,3,2309,2162,2382,2162,74,74
14375250,14375250,0,320689,0,0,320689,0,555,17470,16888,0,162,5,375,687,64947,44192,187,170,41162,41079,44995,52,0,2,29,3,2309,2162,2382,2162,74,74
14387382,14387382,0,320757,0,0,320757,0,556,17486,16906,0,162,5,376,688,65017,44262,187,170,41162,41079,44995,52,0,2,29,3,2309,2162,2382,2162,74,74
14399514,14399514,0,320825,0,0,320825,0,556,17486,16906,0,162,5,376,688,65085,44331,187,170,41162,41079,44995,52,0,2,29,3,2309,2162,2382,2162,74,74
14411646,14411646,0,320893,0,0,320893,0,556,17495,16919,0,162,6,376,689,65155,44401,187,170,41162,41079,44995,52,0,2,29,3,2309,2162,2382,2162,74,74
14423778,14423778,0,320961,0,0,320961,0,557,17502,16925,0,162,5,377,689,65223,44469,187,170,41162,41079,44995,52,0,2,29,3,2309,2162,2382,2162,74,74
14435910,14435910,0,321029,0,0,321029,0,557,17502,16925,0,162,5,377,689,65291,44537,187,170,41162,41079,44995,52,0,2,29,3,2309,2162,2382,2162,74,74
14448042,14448042,0,321097,0,0,321097,0,558,17520,16946,0,162,5,378,690,65361,44607,187,170,41162,41079,44995,52,0,2,29,3,2309,2162,2382,2162,74,74
14460174,14460174,0,321165,0,0,321165,0,558,17524,16952,0,162,5,378,690,65429,44675,187,170,41162,41079,44995,52,0,2,29,3,2309,2162,2382,2162,74,74
14472306,14472306,0,321233,0,0,321233,0,559,17541,16971,0,162,5,379,691,65499,44745,187,170,41162,41079,44995,52,0,2,29,3,2309,2162,2382,2162,74,74
14484438,14484438,0,321301,0,0,321301,0,559,17541,16971,0,162,5,379,691,65567,44813,187,170,41162,41079,44995,52,0,2,29,3,2309,2162,2382,2162,74,74
14496570,14496570,0,321369,0,0,321369,0,560,17560,16991,0,162,5,380,692,65637,44883,187,170,41162,41079,44995,52,0,2,29,3,2309,2162,2382,2162,74,74
14508702,14508702,0,321437,0,0,321437,0,560,17560,16991,0,162,5,380,692,65705,44951,187,170,41162,41079,44995,52,0,2,29,3,2309,2162,2382,2162,74,74
14520834,14520834,0,321505,0,0,321505,0,561,17576,17010,0,162,5,381,693,65775,45021,187,170,42002,41911,45829,52,0,2,29,3,2309,2162,2382,2162,74,74
14532966,14532966,0,321573,0,0,321573,0,561,17576,17010,0,162,5,381,693,65843,45089,187,170,42002,41911,45829,52,0,2,29,3,2309,2162,2382,2162,74,74
14545098,14545098,0,321641,0,0,321641,0,562,17593,17029,0,162,5,382,694,65913,45159,187,170,42002,41911,45829,52,0,2,29,3,2309,2162,2382,2162,74,74
14557230,14557230,0,321709,0,0,321709,0,562,17593,17029,0,162,5,382,694,65981,45227,187,170,42002,41911,45829,52,0,2,29,3,2309,2162,2382,2162,74,74
14569362,14569362,0,321777,0,0,321777,0,563,17610,17048,0,162,5,383,695,66051,45297,187,170,42002,41911,45829,52,0,2,29,3,2309,2162,2382,2162,74,74
14581494,14581494,0,321845,0,0,321845,0,563,17610,17048,0,162,5,383,695,66119,45365,187,170,42002,41911,45829,52,0,2,29,3,2309,2162,2382,2162,74,74
14593626,14593626,0,321913,0,0,321913,0,563,17619,17061,0,162,2,383,695,66188,45435,187,170,42002,41911,45829,52,0,2,29,3,2309,2162,2382,2162,74,74
14605758,14605758,0,321981,0,0,321981,0,564,17637,17081,0,162,2,384,696,66258,45505,187,170,42002,41911,45829,52,0,2,29,3,2309,2162,2382,2162,74,74
14617890,14617890,0,322049,0,0,322049,0,564,17637,17081,0,162,2,384,696,66326,45573,187,170,42002,41911,45829,52,0,2,29,3,2309,2162,2382,2162,74,74
14630022,14630022,0,322117,0,0,322117,0,564,17645,17092,0,162,3,384,697,66396,45643,187,170,42002,41911,45829,52,0,2,29,3,2309,2162,2382,2162,74,74
14642154,14642154,0,322185,0,0,322185,0,565,17656,17100,0,162,2,385,697,66464,45711,187,170,42002,41911,45829,52,0,2,29,3,2309,2162,2382,2162,74,74
14654286,14654286,0,322253,0,0,322253,0,565,17656,17100,0,162,2,385,697,66532,45779,187,170,42771,42680,46602,52,0,2,29,3,2309,2162,2382,2162,74,74
14666418,14666418,0,322321,0,0,322321,0,566,17673,17119,0,162,2,386,698,66602,45850,187,170,42771,42680,46602,52,0,2,29,3,2309,2162,2382,2162,74,74
14678550,14678550,0,322389,0,0,322389,0,566,17673,17119,0,162,2,386,698,66670,45918,187,170,42771,42680,46602,52,0,2,29,3,2309,2162,2382,2162,74,74
14690682,14690682,0,322457,0,0,322457,0,567,17690,17138,0,162,2,387,699,66740,45988,187,170,42771,42680,46602,52,0,2,29,3,2309,2162,2382,2162,74,74
14702814,14702814,0,322525,0,0,322525,0,567,17695,17144,0,162,2,387,700,66810,46058,187,170,42771,42680,46602,52,0,2,29,3,2309,2162,2382,2162,74,74
14714946,14714946,0,322593,0,0,322593,0,568,17712,17164,0,162,2,388,701,66880,46128,187,170,42771,42680,46602,52,0,2,29,3,2309,2162,2382,2162,74,74
14727078,14727078,0,322661,0,0,322661,0,568,17712,17164,0,162,2,388,701,66948,46196,187,170,42771,42680,46602,52,0,2,29,3,2309,2162,2382,2162,74,74
14739210,14739210,0,322729,0,0,322729,0,569,17733,17184,0,162,2,389,702,67018,46266,187,170,42771,42680,46602,52,0,2,29,3,2309,2162,2382,2162,74,74
14751342,14751342,0,322797,0,0,322797,0,569,17733,17184,0,162,2,389,702,67086,46334,187,170,42771,42680,46602,52,0,2,29,3,2309,2162,2382,2162,74,74
14763474,14763474,0,322865,0,0,322865,0,570,17751,17205,0,163,2,390,703,67156,46404,187,170,42771,42680,46602,52,0,2,29,3,2309,2162,2382,2162,74,74
14775606,14775606,0,322933,0,0,322933,0,570,17756,17211,0,163,2,390,704,67226,46474,187,170,42771,42680,46602,52,0,2,29,3,2309,2162,2382,2162,74,74
14787738,14787738,0,323001,0,0,323001,0,571,17772,17233,0,163,2,391,705,67296,46544,187,170,42771,42680,46602,52,0,2,29,3,2309,2162,2382,2162,74,74
14799870,14799870,0,323069,0,0,323069,0,572,17772,17234,0,163,1,392,705,67364,46612,187,170,43610,43519,47446,52,0,2,29,3,2309,2162,2382,2162,74,74
14812002,14812002,0,323137,0,0,323137,0,572,17810,17272,0,163,5,392,709,67440,46688,187,170,43610,43519,47446,52,0,2,29,3,2309,2162,2382,2162,74,74
14824134,14824134,0,323205,0,0,323205,0,573,17817,17278,0,163,4,393,709,67508,46756,187,170,43610,43519,47446,52,0,2,29,3,2309,2162,2382,2162,74,74
14836266,14836266,0,323273,0,0,323273,0,573,17817,17278,0,163,4,393,709,67576,46824,187,170,43610,43519,47446,52,0,2,29,3,2309,2162,2382,2162,74,74
14848398,14848398,0,323341,0,0,323341,0,574,17832,17295,0,163,4,394,710,67646,46894,187,170,43610,43519,47446,52,0,2,29,3,2309,2162,2382,2162,74,74
14860530,14860530,0,323409,0,0,323409,0,574,17832,17295,0,163,4,394,710,67714,46962,187,170,43610,43519,47446,52,0,2,29,3,2309,2162,2382,2162,74,74
14872662,14872662,0,323477,0,0,323477,0,575,17848,17313,0,163,4,395,711,67784,47032,187,170,43610,43519,47446,52,0,2,29,3,2309,2162,2382,2162,74,74
14884794,14884794,0,323545,0,0,323545,0,575,17850,17314,0,163,4,395,711,67852,47100,187,170,43610,43519,47446,52,0,2,29,3,2309,2162,2382,2162,74,74
14896926,14896926,0,323613,0,0,323613,0,576,17867,17333,0,163,4,396,712,67922,47170,187,170,43610,43519,47446,52,0,2,29,3,2309,2162,2382,2162,74,74
14909058,14909058,0,323681,0,0,323681,0,576,17867,17333,0,163,4,396,712,67990,47238,187,170,43610,43519,47446,52,0,2,29,3,2309,2162,2382,2162,74,74
14921190,14921190,0,323749,0,0,323749,0,577,17883,17351,0,163,4,397,713,68060,47308,187,170,43610,43519,47446,52,0,2,29,3,2309,2162,2382,2162,74,74
14933322,14933322,0,323817,0,0,323817,0,577,17883,17351,0,163,4,397,713,68128,47377,187,170,43610,43519,47446,52,0,2,29,3,2309,2162,2382,2162,74,74
14945454,14945454,0,323885,0,0,323885,0,578,17903,17373,0,163,4,398,714,68198,47447,187,170,44482,44389,48310,52,0,2,29,3,2309,2162,2382,2162,74,74
14957586,14957586,0,323953,0,0,323953,0,578,17903,17373,0,163,4,398,714,68266,47515,187,170,44482,44389,48310,52,0,2,29,3,2309,2162,2382,2162,74,74
14969718,14969718,0,324021,0,0,324021,0,579,17919,17391,0,163,4,399,715,68336,47585,187,170,44482,44389,48310,52,0,2,29,3,2309,2162,2382,2162,74,74
14981850,14981850,0,324089,0,0,324089,0,579,17919,17391,0,163,4,399,715,68404,47653,187,170,44482,44389,48310,52,0,2,29,3,2309,2162,2382,2162,74,74
14993982,14993982,0,324157,0,0,324157,0,580,17936,17410,0,163,4,400,716,68474,47723,187,170,44482,44389,48310,52,0,2,29,3,2309,2162,2382,2162,74,74
15006114,15006114,0,324225,0,0,324225,0,580,17936,17410,0,163,4,400,716,68542,47791,187,170,44482,44389,48310,52,0,2,29,3,2309,2162,2382,2162,74,74
15018246,15018246,0,324293,0,0,324293,0,580,17946,17423,0,163,5,400,717,68612,47861,187,170,44482,44389,48310,52,0,2,29,3,2309,2162,2382,2162,74,74
15030378,15030378,0,324361,0,0,324361,0,581,17968,17441,0,163,5,401,718,68681,47930,187,170,44482,44389,48310,52,0,2,29,3,2309,2162,2382,2162,74,74
15042510,15042510,0,324429,0,0,324429,0,581,17968,17441,0,163,5,401,718,68749,47998,187,170,44482,44389,48310,52,0,2,29,3,2309,2162,2382,2162,74,74
15054642,15054642,0,324497,0,0,324497,0,582,17984,17459,0,163,5,402,719,68819,48068,187,170,44482,44389,48310,52,0,2,29,3,2309,2162,2382,2162,74,74
15066774,15066774,0,324565,0,0,324565,0,582,17984,17459,0,163,5,402,719,68887,48136,187,170,44482,44389,48310,52,0,2,29,3,2309,2162,2382,2162,74,74
15079083,15079445,0,324636,0,0,324636,0,583,18000,17477,0,163,5,403,720,68957,48206,187,170,44482,44389,48310,52,0,2,29,3,2309,2162,2382,2162,74,74
15091038,15091038,0,324701,0,0,324701,0,583,18002,17481,0,163,5,403,720,69025,48274,187,170,45327,45234,49155,52,0,2,29,3,2309,2162,2382,2162,74,74
15103170,15103170,0,324769,0,0,324769,0,584,18019,17500,0,163,5,404,721,69095,48344,187,170,45327,45234,49155,52,0,2,29,3,2309,2162,2382,2162,74,74
15115302,15115302,0,324837,0,0,324837,0,584,18019,17500,0,163,5,404,721,69163,48412,187,170,45327,45234,49155,52,0,2,29,3,2309,2162,2382,2162,74,74
15127434,15127434,0,324905,0,0,324905,0,585,18036,17519,0,163,5,405,722,69233,48482,187,170,45327,45234,49155,52,0,2,29,3,2309,2162,2382,2162,74,74
15139566,15139566,0,324973,0,0,324973,0,585,18036,17519,0,163,5,405,722,69301,48550,187,170,45327,45234,49155,52,0,2,29,3,2309,2162,2382,2162,74,74
15151698,15151698,0,325041,0,0,325041,0,586,18052,17537,0,163,5,406,723,69371,48620,187,170,45327,45234,49155,52,0,2,29,3,2309,2162,2382,2162,74,74
15163830,15163830,0,325109,0,0,325109,0,586,18052,17537,0,163,5,406,723,69439,48688,187,170,45327,45234,49155,52,0,2,29,3,2309,2162,2382,2162,74,74
15175962,15175962,0,325177,0,0,325177,0,587,18075,17560,0,163,5,407,724,69509,48758,187,170,45327,45234,49155,52,0,2,29,3,2309,2162,2382,2162,74,74
15188094,15188094,0,325245,0,0,325245,0,587,18075,17560,0,163,5,407,724,69577,48827,187,170,45327,45234,49155,52,0,2,29,3,2309,2162,2382,2162,74,74
15200226,15200226,0,325313,0,0,325313,0,588,18091,17578,0,163,5,408,725,69647,48897,187,170,45327,45234,49155,52,0,2,29,3,2309,2162,2382,2162,74,74
15212358,15212358,0,325381,0,0,325381,0,588,18091,17578,0,163,5,408,725,69715,48965,187,170,45327,45234,49155,52,0,2,29,3,2309,2162,2382,2162,74,74
15224490,15224490,0,325449,0,0,325449,0,588,18097,17586,0,163,3,408,725,69783,49033,187,170,45327,45234,49155,52,0,2,29,3,2309,2162,2382,2162,74,74
15236622,15236622,0,325517,0,0,325517,0,589,18114,17607,0,163,3,409,726,69853,49103,187,170,46167,46073,49994,52,0,2,29,3,2309,2162,2382,2162,74,74
15248754,15248754,0,325585,0,0,325585,0,589,18114,17607,0,163,3,409,726,69921,49171,187,170,46167,46073,49994,52,0,2,29,3,2309,2162,2382,2162,74,74
15260886,15260886,0,325653,0,0,325653,0,590,18130,17625,0,163,3,410,727,69991,49241,187,170,46167,46073,49994,52,0,2,29,3,2309,2162,2382,2162,74,74
15273018,15273018,0,325721,0,0,325721,0,590,18130,17625,0,163,3,410,727,70059,49309,187,170,46167,46073,49994,52,0,2,29,3,2309,2162,2382,2162,74,74
15285150,15285150,0,325789,0,0,325789,0,591,18146,17643,0,163,3,411,728,70129,49379,187,170,46167,46073,49994,52,0,2,29,3,2309,2162,2382,2162,74,74
15297282,15297282,0,325857,0,0,325857,0,591,18146,17643,0,163,3,411,728,70197,49447,187,170,46167,46073,49994,52,0,2,29,3,2309,2162,2382,2162,74,74
15309414,15309414,0,325925,0,0,325925,0,592,18163,17663,0,163,3,412,729,70267,49517,187,170,46167,46073,49994,52,0,2,29,3,2309,2162,2382,2162,74,74
15321546,15321546,0,325993,0,0,325993,0,592,18166,17666,0,163,3,412,729,70335,49585,187,170,46167,46073,49994,52,0,2,29,3,2309,2162,2382,2162,74,74
15333678,15333678,0,326061,0,0,326061,0,593,18182,17684,0,163,3,413,730,70405,49655,187,170,46167,46073,49994,52,0,2,29,3,2309,2162,2382,2162,74,74
15345810,15345810,0,326129,0,0,326129,0,593,18182,17684,0,163,3,413,730,70473,49723,187,170,46167,46073,49994,52,0,2,29,3,2309,2162,2382,2162,74,74
15357942,15357942,0,326197,0,0,326197,0,594,18198,17703,0,163,3,414,731,70543,49793,187,170,46167,46073,49994,52,0,2,29,3,2309,2162,2382,2162,74,74
15370074,15370074,0,326265,0,0,326265,0,594,18241,17737,0,163,5,414,733,70613,49863,187,170,46167,46073,49994,52,0,2,29,3,2309,2162,2382,2162,74,74
15382206,15382206,0,326333,0,0,326333,0,595,18257,17755,0,163,5,415,734,70683,49933,187,170,47043,46949,50861,52,0,2,29,3,2309,2162,2382,2162,74,74
15394338,15394338,0,326401,0,0,326401,0,595,18258,17756,0,163,5,415,734,70751,50001,187,170,47043,46949,50861,52,0,2,29,3,2309,2162,2382,2162,74,74
15406470,15406470,0,326469,0,0,326469,0,596,18274,17774,0,163,5,416,735,70821,50071,187,170,47043,46949,50861,52,0,2,29,3,2309,2162,2382,2162,74,74
15418602,15418602,0,326537,0,0,326537,0,596,18275,17775,0,163,5,416,735,70889,50139,187,170,47043,46949,50861,52,0,2,29,3,2309,2162,2382,2162,74,74
15430734,15430734,0,326605,0,0,326605,0,596,18303,17797,0,163,5,416,736,70959,50209,187,170,47043,46949,50861,52,0,2,29,3,2309,2162,2382,2162,74,74
15442866,15442866,0,326673,0,0,326673,0,597,18326,17820,0,163,5,417,737,71029,50279,187,170,47043,46949,50861,52,0,2,29,3,2309,2162,2382,2162,74,74
15454998,15454998,0,326741,0,0,326741,0,597,18329,17824,0,163,4,417,737,71097,50347,187,170,47043,46949,50861,52,0,2,29,3,2309,2162,2382,2162,74,74
15467130,15467130,0,326809,0,0,326809,0,598,18348,17844,0,163,4,418,738,71167,50418,187,170,47043,46949,50861,52,0,2,29,3,2309,2162,2382,2162,74,74
15479262,15479262,0,326877,0,0,326877,0,598,18348,17844,0,163,4,418,738,71235,50486,187,170,47043,46949,50861,52,0,2,29,3,2309,2162,2382,2162,74,74
15491394,15491394,0,326945,0,0,326945,0,599,18366,17865,0,163,4,419,739,71305,50556,187,170,47043,46949,50861,52,0,2,29,3,2309,2162,2382,2162,74,74
15503526,15503526,0,327013,0,0,327013,0,599,18371,17871,0,163,4,419,740,71375,50626,187,170,47043,46949,50861,52,0,2,29,3,2309,2162,2382,2162,74,74
15515658,15515658,0,327081,0,0,327081,0,600,18390,17894,0,163,3,420,741,71445,50696,187,170,47043,46949,50861,52,0,2,29,3,2309,2162,2382,2162,74,74
15527790,15527790,0,327149,0,0,327149,0,600,18390,17894,0,163,3,420,741,71513,50764,187,170,47919,47825,51730,52,0,2,29,3,2309,2162,2382,2162,74,74
15539922,15539922,0,327217,0,0,327217,0,601,18406,17912,0,163,3,421,742,71583,50834,187,170,47919,47825,51730,52,0,2,29,3,2309,2162,2382,2162,74,74
15552054,15552054,0,327285,0,0,327285,0,601,18406,17912,0,163,3,421,742,71651,50902,187,170,47919,47825,51730,52,0,2,29,3,2309,2162,2382,2162,74,74
15564186,15564186,0,327353,0,0,327353,0,602,18422,17930,0,163,3,422,743,71721,50972,187,170,47919,47825,51730,52,0,2,29,3,2309,2162,2382,2162,74,74
15576318,15576318,0,327421,0,0,327421,0,602,18424,17932,0,163,3,422,743,71789,51040,187,170,47919,47825,51730,52,0,2,29,3,2309,2162,2382,2162,74,74
15588450,15588450,0,327489,0,0,327489,0,603,18440,17951,0,163,3,423,744,71859,51110,187,170,47919,47825,51730,52,0,2,29,3,2309,2162,2382,2162,74,74
15600582,15600582,0,327557,0,0,327557,0,603,18440,17951,0,163,3,423,744,71927,51178,187,170,47919,47825,51730,52,0,2,29,3,2309,2162,2382,2162,74,74
15612714,15612714,0,327625,0,0,327625,0,603,18448,17960,0,163,4,423,745,71997,51248,187,170,47919,47825,51730,52,0,2,29,3,2309,2162,2382,2162,74,74
15624846,15624846,0,327693,0,0,327693,0,604,18461,17971,0,163,3,424,745,72065,51316,187,170,47919,47825,51730,52,0,2,29,3,2309,2162,2382,2162,74,74
15636978,15636978,0,327761,0,0,327761,0,604,18461,17971,0,163,3,424,745,72133,51384,187,170,47919,47825,51730,52,0,2,29,3,2309,2162,2382,2162,74,74
15649110,15649110,0,327829,0,0,327829,0,605,18478,17991,0,163,3,425,746,72203,51454,187,170,47919,47825,51730,52,0,2,29,3,2309,2162,2382,2162,74,74
15661242,15661242,0,327897,0,0,327897,0,605,18478,17991,0,163,3,425,746,72271,51522,187,170,47919,47825,51730,52,0,2,29,3,2309,2162,2382,2162,74,74
15673374,15673374,0,327965,0,0,327965,0,606,18494,18009,0,163,3,426,747,72341,51592,187,170,48753,48657,52561,52,0,2,29,3,2309,2162,2382,2162,74,74
15685506,15685506,0,328033,0,0,328033,0,606,18494,18009,0,163,3,426,747,72409,51660,187,170,48753,48657,52561,52,0,2,29,3,2309,2162,2382,2162,74,74
15697638,15697638,0,328101,0,0,328101,0,607,18510,18028,0,163,3,427,748,72479,51730,187,170,48753,48657,52561,52,0,2,29,3,2309,2162,2382,2162,74,74
15709770,15709770,0,328169,0,0,328169,0,607,18510,18028,0,163,3,427,748,72547,51798,187,170,48753,48657,52561,52,0,2,29,3,2309,2162,2382,2162,74,74
15721902,15721902,0,328237,0,0,328237,0,608,18526,18047,0,163,3,428,749,72617,51868,187,170,48753,48657,52561,52,0,2,29,3,2309,2162,2382,2162,74,74
15734034,15734034,0,328305,0,0,328305,0,608,18526,18047,0,163,3,428,749,72685,51936,187,170,48753,48657,52561,52,0,2,29,3,2309,2162,2382,2162,74,74
15746166,15746166,0,328373,0,0,328373,0,609,18543,18065,0,163,3,429,750,72755,52007,187,170,48753,48657,52561,52,0,2,29,3,2309,2162,2382,2162,74,74
15758298,15758298,0,328441,0,0,328441,0,609,18545,18066,0,163,3,429,750,72823,52075,187,170,48753,48657,52561,52,0,2,29,3,2309,2162,2382,2162,74,74
15770430,15770430,0,328509,0,0,328509,0,610,18561,18084,0,163,3,430,751,72893,52145,187,170,48753,48657,52561,52,0,2,29,3,2309,2162,2382,2162,74,74
15782562,15782562,0,328577,0,0,328577,0,610,18561,18084,0,163,3,430,751,72961,52213,187,170,48753,48657,52561,52,0,2,29,3,2309,2162,2382,2162,74,74
15794694,15794694,0,328645,0,0,328645,0,611,18577,18102,0,163,3,431,752,73031,52283,187,170,48753,48657,52561,52,0,2,29,3,2309,2162,2382,2162,74,74
15806826,15806826,0,328713,0,0,328713,0,611,18577,18102,0,163,3,431,752,73099,52351,187,170,48753,48657,52561,52,0,2,29,3,2309,2162,2382,2162,74,74
15818958,15818958,0,328781,0,0,328781,0,611,18577,18102,0,163,3,431,752,73167,52419,187,170,49583,49487,53390,52,0,2,29,3,2309,2162,2382,2162,74,74
15831090,15831090,0,328849,0,0,328849,0,612,18594,18122,0,163,3,432,753,73237,52489,187,170,49583,49487,53390,52,0,2,29,3,2309,2162,2382,2162,74,74
15843222,15843222,0,328917,0,0,328917,0,612,18594,18122,0,163,3,432,753,73305,52557,187,170,49583,49487,53390,52,0,2,29,3,2309,2162,2382,2162,74,74
15855354,15855354,0,328985,0,0,328985,0,613,18612,18144,0,163,2,433,754,73375,52627,187,170,49583,49487,53390,52,0,2,29,3,2309,2162,2382,2162,74,74
15867486,15867486,0,329053,0,0,329053,0,613,18612,18144,0,163,2,433,754,73443,52695,187,170,49583,49487,53390,52,0,2,29,3,2309,2162,2382,2162,74,74
15879618,15879618,0,329121,0,0,329121,0,614,18627,18162,0,163,2,434,755,73513,52765,187,170,49583,49487,53390,52,0,2,29,3,2309,2162,2382,2162,74,74
15891750,15891750,0,329189,0,0,329189,0,614,18627,18162,0,163,2,434,755,73581,52833,187,170,49583,49487,53390,52,0,2,29,3,2309,2162,2382,2162,74,74
15903882,15903882,0,329257,0,0,329257,0,615,18645,18181,0,163,2,435,756,73651,52903,187,170,49583,49487,53390,52,0,2,29,3,2309,2162,2382,2162,74,74
15916014,15916014,0,329325,0,0,329325,0,615,18645,18181,0,163,2,435,756,73719,52971,187,170,49583,49487,53390,52,0,2,29,3,2309,2162,2382,2162,74,74
15928146,15928146,0,329393,0,0,329393,0,616,18661,18198,0,163,2,436,757,73789,53041,187,170,49583,49487,53390,52,0,2,29,3,2309,2162,2382,2162,74,74
15940278,15940278,0,329461,0,0,329461,0,616,18661,18198,0,163,2,436,757,73857,53109,187,170,49583,49487,53390,52,0,2,29,3,2309,2162,2382,2162,74,74
15952410,15952410,0,329529,0,0,329529,0,617,18678,18217,0,163,2,437,758,73927,53179,187,170,49583,49487,53390,52,0,2,29,3,2309,2162,2382,2162,74,74
15964542,15964542,0,329597,0,0,329597,0,617,18678,18217,0,163,2,437,758,73995,53247,187,170,50416,50320,54223,52,0,2,29,3,2309,2162,2382,2162,74,74
15976674,15976674,0,329665,0,0,329665,0,618,18745,18280,0,163,2,438,759,74065,53317,187,170,50416,50320,54223,52,0,2,29,3,2309,2162,2382,2162,74,74
15988806,15988806,0,329733,0,0,329733,0,618,18745,18280,0,163,2,438,759,74133,53385,187,170,50416,50320,54223,52,0,2,29,3,2309,2162,2382,2162,74,74
16000938,16000938,0,329801,0,0,329801,0,618,18745,18280,0,163,2,438,759,74201,53453,187,170,50416,50320,54223,52,0,2,29,3,2309,2162,2382,2162,74,74
16013070,16013070,0,329869,0,0,329869,0,619,18761,18298,0,163,2,439,760,74271,53523,187,170,50416,50320,54223,52,0,2,29,3,2309,2162,2382,2162,74,74
16025202,16025202,0,329937,0,0,329937,0,619,18761,18298,0,163,2,439,760,74339,53592,187,170,50416,50320,54223,52,0,2,29,3,2309,2162,2382,2162,74,74
16037334,16037334,0,330005,0,0,330005,0,620,18778,18317,0,163,2,440,761,74409,53662,187,170,50416,50320,54223,52,0,2,29,3,2309,2162,2382,2162,74,74
16049466,16049466,0,330073,0,0,330073,0,620,18780,18318,0,163,2,440,761,74477,53730,187,170,50416,50320,54223,52,0,2,29,3,2309,2162,2382,2162,74,74
16061598,16061598,0,330141,0,0,330141,0,621,18798,18336,0,163,2,441,762,74547,53800,187,170,50416,50320,54223,52,0,2,29,3,2309,2162,2382,2162,74,74
16073730,16073730,0,330209,0,0,330209,0,621,18798,18336,0,163,2,441,762,74615,53868,187,170,50416,50320,54223,52,0,2,29,3,2309,2162,2382,2162,74,74
16085862,16085862,0,330277,0,0,330277,0,622,18814,18354,0,163,2,442,763,74685,53938,187,170,50416,50320,54223,52,0,2,29,3,2309,2162,2382,2162,74,74
16097994,16097994,0,330345,0,0,330345,0,622,18814,18354,0,163,2,442,763,74753,54006,187,170,50416,50320,54223,52,0,2,29,3,2309,2162,2382,2162,74,74
16110126,16110126,0,330413,0,0,330413,0,623,18832,18372,0,163,2,443,764,74823,54076,187,170,51247,51151,55052,52,0,2,29,3,2309,2162,2382,2162,74,74
16122258,16122258,0,330481,0,0,330481,0,623,18832,18372,0,163,2,443,764,74891,54144,187,170,51247,51151,55052,52,0,2,29,3,2309,2162,2382,2162,74,74
16134390,16134390,0,330549,0,0,330549,0,624,18849,18391,0,163,2,444,765,74961,54214,187,170,51247,51151,55052,52,0,2,29,3,2309,2162,2382,2162,74,74
16146522,16146522,0,330617,0,0,330617,0,624,18849,18391,0,163,2,444,765,75029,54282,187,170,51247,51151,55052,52,0,2,29,3,2309,2162,2382,2162,74,74
16158654,16158654,0,330685,0,0,330685,0,625,18871,18415,0,163,2,445,767,75102,54355,187,170,51247,51151,55052,52,0,2,29,3,2309,2162,2382,2162,74,74
16170786,16170786,0,330753,0,0,330753,0,625,18871,18415,0,163,2,445,767,75170,54423,187,170,51247,51151,55052,52,0,2,29,3,2309,2162,2382,2162,74,74
16182918,16182918,0,330821,0,0,330821,0,626,18887,18432,0,163,2,446,768,75240,54493,187,170,51247,51151,55052,52,0,2,29,3,2309,2162,2382,2162,74,74
16195050,16195050,0,330889,0,0,330889,0,626,18889,18433,0,163,2,446,768,75308,54561,187,170,51247,51151,55052,52,0,2,29,3,2309,2162,2382,2162,74,74
16207182,16207182,0,330957,0,0,330957,0,626,18889,18433,0,163,2,446,768,75376,54629,187,170,51247,51151,55052,52,0,2,29,3,2309,2162,2382,2162,74,74
16219314,16219314,0,331025,0,0,331025,0,627,18906,18453,0,163,2,447,769,75446,54699,187,170,51247,51151,55052,52,0,2,29,3,2309,2162,2382,2162,74,74
16231446,16231446,0,331093,0,0,331093,0,627,18911,18459,0,163,2,447,770,75516,54769,187,170,51247,51151,55052,52,0,2,29,3,2309,2162,2382,2162,74,74
16243578,16243578,0,331161,0,0,331161,0,628,18928,18478,0,163,2,448,771,75586,54839,187,170,51247,51151,55052,52,0,2,29,3,2309,2162,2382,2162,74,74
16255710,16255710,0,331229,0,0,331229,0,628,18928,18478,0,163,2,448,771,75654,54907,187,170,52085,51989,55890,52,0,2,29,3,2309,2162,2382,2162,74,74
16267842,16267842,0,331297,0,0,331297,0,629,18945,18497,0,163,2,449,772,75724,54977,187,170,52085,51989,55890,52,0,2,29,3,2309,2162,2382,2162,74,74
16279974,16279974,0,331365,0,0,331365,0,630,18945,18502,0,163,1,450,772,75792,55045,187,170,52085,51989,55890,52,0,2,29,3,2309,2162,2382,2162,74,74
16292106,16292106,0,331433,0,0,331433,0,631,18977,18537,0,163,3,451,775,75867,55120,187,170,52085,51989,55890,52,0,2,29,3,2309,2162,2382,2162,74,74
16304238,16304238,0,331501,0,0,331501,0,631,18977,18537,0,163,3,451,775,75935,55189,187,170,52085,51989,55890,52,0,2,29,3,2309,2162,2382,2162,74,74
16316370,16316370,0,331569,0,0,331569,0,632,18993,18555,0,163,3,452,776,76005,55259,187,170,52085,51989,55890,52,0,2,29,3,2309,2162,2382,2162,74,74
16328502,16328502,0,331637,0,0,331637,0,632,18993,18555,0,163,3,452,776,76073,55327,187,170,52085,51989,55890,52,0,2,29,3,2309,2162,2382,2162,74,74
16340634,16340634,0,331705,0,0,331705,0,633,19012,18576,0,163,3,453,777,76143,55397,187,170,52085,51989,55890,52,0,2,29,3,2309,2162,2382,2162,74,74
16352766,16352766,0,331773,0,0,331773,0,633,19012,18576,0,163,3,453,777,76211,55465,187,170,52085,51989,55890,52,0,2,29,3,2309,2162,2382,2162,74,74
16364898,16364898,0,331841,0,0,331841,0,634,19029,18595,0,163,3,454,778,76281,55535,187,170,52085,51989,55890,52,0,2,29,3,2309,2162,2382,2162,74,74
16377030,16377030,0,331909,0,0,331909,0,634,19029,18595,0,163,3,454,778,76349,55603,187,170,52085,51989,55890,52,0,2,29,3,2309,2162,2382,2162,74,74
16389162,16389162,0,331977,0,0,331977,0,635,19046,18614,0,163,3,455,779,76419,55673,187,170,52085,51989,55890,52,0,2,29,3,2309,2162,2382,2162,74,74
16401294,16401294,0,332045,0,0,332045,0,635,19046,18614,0,163,3,455,779,76487,55741,187,170,52937,52841,56745,52,0,2,29,3,2309,2162,2382,2162,74,74
16413426,16413426,0,332113,0,0,332113,0,635,19046,18614,0,163,3,455,779,76555,55809,187,170,52937,52841,56745,52,0,2,29,3,2309,2162,2382,2162,74,74
16425558,16425558,0,332181,0,0,332181,0,636,19063,18633,0,163,3,456,780,76625,55879,187,170,52937,52841,56745,52,0,2,29,3,2309,2162,2382,2162,74,74
16437690,16437690,0,332249,0,0,332249,0,636,19065,18635,0,163,3,456,780,76693,55947,187,170,52937,52841,56745,52,0,2,29,3,2309,2162,2382,2162,74,74
16449822,16449822,0,332317,0,0,332317,0,637,19082,18655,0,163,3,457,781,76763,56017,187,170,52937,52841,56745,52,0,2,29,3,2309,2162,2382,2162,74,74
16461954,16461954,0,332385,0,0,332385,0,637,19082,18655,0,163,3,457,781,76831,56085,187,170,52937,52841,56745,52,0,2,29,3,2309,2162,2382,2162,74,74
16474086,16474086,0,332453,0,0,332453,0,638,19099,18675,0,163,3,458,782,76901,56155,187,170,52937,52841,56745,52,0,2,29,3,2309,2162,2382,2162,74,74
16486218,16486218,0,332521,0,0,332521,0,638,19114,18686,0,163,4,458,783,76970,56224,187,170,52937,52841,56745,52,0,2,29,3,2309,2162,2382,2162,74,74
16498350,16498350,0,332589,0,0,332589,0,639,19149,18722,0,163,4,459,785,77042,56296,187,170,52937,52841,56745,52,0,2,29,3,2309,2162,2382,2162,74,74
16510482,16510482,0,332657,0,0,332657,0,639,19149,18722,0,163,4,459,785,77110,56364,187,170,52937,52841,56745,52,0,2,29,3,2309,2162,2382,2162,74,74
16522614,16522614,0,332725,0,0,332725,0,640,19166,18741,0,163,4,460,786,77180,56434,187,170,52937,52841,56745,52,0,2,29,3,2309,2162,2382,2162,74,74
16534746,16534746,0,332793,0,0,332793,0,642,19171,18745,0,163,3,461,786,77248,56502,187,170,52937,52841,56745,52,0,2,29,3,2309,2162,2382,2162,74,74
16546878,16546878,0,332861,0,0,332861,0,643,19188,18764,0,163,3,462,787,77318,56572,187,170,53790,53694,57593,52,0,2,29,3,2309,2162,2382,2162,74,74
16559010,16559010,0,332929,0,0,332929,0,643,19188,18764,0,163,3,462,787,77386,56640,187,170,53790,53694,57593,52,0,2,29,3,2309,2162,2382,2162,74,74
16571142,16571142,0,332997,0,0,332997,0,644,19205,18784,0,163,3,462,788,77456,56710,187,170,53790,53694,57593,52,0,2,29,3,2309,2162,2382,2162,74,74
16583274,16583274,0,333065,0,0,333065,0,644,19206,18786,0,163,3,462,788,77524,56779,187,170,53790,53694,57593,52,0,2,29,3,2309,2162,2382,2162,74,74
16595406,16595406,0,333133,0,0,333133,0,644,19213,18795,0,163,4,462,789,77594,56849,187,170,53790,53694,57593,52,0,2,29,3,2309,2162,2382,2162,74,74
16607538,16607538,0,333201,0,0,333201,0,645,19225,18806,0,163,3,463,789,77662,56917,187,170,53790,53694,57593,52,0,2,29,3,2309,2162,2382,2162,74,74
16619670,16619670,0,333269,0,0,333269,0,645,19225,18806,0,163,3,463,789,77730,56985,187,170,53790,53694,57593,52,0,2,29,3,2309,2162,2382,2162,74,74
16631802,16631802,0,333337,0,0,333337,0,646,19244,18826,0,163,3,464,790,77800,57055,187,170,53790,53694,57593,52,0,2,29,3,2309,2162,2382,2162,74,74
16643934,16643934,0,333405,0,0,333405,0,646,19244,18826,0,163,3,464,790,77868,57123,187,170,53790,53694,57593,52,0,2,29,3,2309,2162,2382,2162,74,74
16656066,16656066,0,333473,0,0,333473,0,647,19261,18846,0,163,3,465,791,77938,57193,187,170,53790,53694,57593,52,0,2,29,3,2309,2162,2382,2162,74,74
16668198,16668198,0,333541,0,0,333541,0,647,19261,18846,0,163,3,465,791,78006,57261,187,170,53790,53694,57593,52,0,2,29,3,2309,2162,2382,2162,74,74
16680330,16680330,0,333609,0,0,333609,0,648,19278,18866,0,163,3,466,792,78076,57331,187,170,53790,53694,57593,52,0,2,29,3,2309,2162,2382,2162,74,74
16692462,16692462,0,333677,0,0,333677,0,648,19278,18866,0,163,3,466,792,78144,57399,187,170,54620,54524,58422,52,0,2,29,3,2309,2162,2382,2162,74,74
16704594,16704594,0,333745,0,0,333745,0,649,19298,18889,0,163,2,467,793,78214,57469,187,170,54620,54524,58422,52,0,2,29,3,2309,2162,2382,2162,74,74
16716726,16716726,0,333813,0,0,333813,0,649,19298,18889,0,163,2,467,793,78282,57537,187,170,54620,54524,58422,52,0,2,29,3,2309,2162,2382,2162,74,74
16728858,16728858,0,333881,0,0,333881,0,650,19314,18907,0,163,2,468,794,78352,57607,187,170,54620,54524,58422,52,0,2,29,3,2309,2162,2382,2162,74,74
16740990,16740990,0,333949,0,0,333949,0,650,19314,18907,0,163,2,468,794,78420,57675,187,170,54620,54524,58422,52,0,2,29,3,2309,2162,2382,2162,74,74
16753122,16753122,0,334017,0,0,334017,0,651,19331,18926,0,163,2,469,795,78490,57745,187,170,54620,54524,58422,52,0,2,29,3,2309,2162,2382,2162,74,74
16765254,16765254,0,334085,0,0,334085,0,651,19331,18926,0,163,2,469,795,78558,57813,187,170,54620,54524,58422,52,0,2,29,3,2309,2162,2382,2162,74,74
16777386,16777386,0,334153,0,0,334153,0,652,19349,18945,0,163,2,470,796,78628,57883,187,170,54620,54524,58422,52,0,2,29,3,2309,2162,2382,2162,74,74
16789518,16789518,0,334221,0,0,334221,0,652,19349,18945,0,163,2,470,796,78696,57951,187,170,54620,54524,58422,52,0,2,29,3,2309,2162,2382,2162,74,74
16801650,16801650,0,334289,0,0,334289,0,652,19349,18945,0,163,2,470,796,78764,58019,187,170,54620,54524,58422,52,0,2,29,3,2309,2162,2382,2162,74,74
16813782,16813782,0,334357,0,0,334357,0,653,19365,18963,0,163,2,471,797,78834,58089,187,170,54620,54524,58422,52,0,2,29,3,2309,2162,2382,2162,74,74
16825914,16825914,0,334425,0,0,334425,0,653,19365,18963,0,163,2,471,797,78902,58157,187,170,54620,54524,58422,52,0,2,29,3,2309,2162,2382,2162,74,74
16838046,16838046,0,334493,0,0,334493,0,654,19381,18982,0,163,2,472,798,78972,58227,187,170,55453,55357,59255,52,0,2,29,3,2309,2162,2382,2162,74,74
16850178,16850178,0,334561,0,0,334561,0,654,19381,18982,0,163,2,472,798,79040,58295,187,170,55453,55357,59255,52,0,2,29,3,2309,2162,2382,2162,74,74
16862310,16862310,0,334629,0,0,334629,0,655,19397,19000,0,163,2,473,799,79110,58365,187,170,55453,55357,59255,52,0,2,29,3,2309,2162,2382,2162,74,74
16874442,16874442,0,334697,0,0,334697,0,655,19397,19000,0,163,2,473,799,79178,58434,187,170,55453,55357,59255,52,0,2,29,3,2309,2162,2382,2162,74,74
16886574,16886574,0,334765,0,0,334765,0,656,19445,19048,0,163,4,474,803,79252,58508,187,170,55453,55357,59255,52,0,2,29,3,2309,2162,2382,2162,74,74
16898706,16898706,0,334833,0,0,334833,0,656,19478,19075,0,163,6,474,805,79321,58577,187,170,55453,55357,59255,52,0,2,29,3,2309,2162,2382,2162,74,74
16910838,16910838,0,334901,0,0,334901,0,657,19495,19094,0,163,6,475,806,79391,58647,187,170,55453,55357,59255,52,0,2,29,3,2309,2162,2382,2162,74,74
16922970,16922970,0,334969,0,0,334969,0,657,19500,19098,0,163,6,475,806,79459,58715,187,170,55453,55357,59255,52,0,2,29,3,2309,2162,2382,2162,74,74
16935102,16935102,0,335037,0,0,335037,0,658,19519,19117,0,163,6,476,807,79529,58785,187,170,55453,55357,59255,52,0,2,29,3,2309,2162,2382,2162,74,74
16947234,16947234,0,335105,0,0,335105,0,658,19522,19120,0,163,6,476,807,79597,58853,187,170,55453,55357,59255,52,0,2,29,3,2309,2162,2382,2162,74,74
16959366,16959366,0,335173,0,0,335173,0,659,19544,19145,0,163,6,477,809,79669,58925,187,170,55453,55357,59255,52,0,2,29,3,2309,2162,2382,2162,74,74
16971498,16971498,0,335241,0,0,335241,0,659,19547,19148,0,163,6,477,809,79737,58993,187,170,55453,55357,59255,52,0,2,29,3,2309,2162,2382,2162,74,74
16983630,16983630,0,335309,0,0,335309,0,659,19551,19154,0,163,7,477,811,79807,59063,187,170,56362,56266,60154,52,0,2,29,3,2309,2162,2382,2162,74,74
16995762,16995762,0,335377,0,0,335377,0,660,19567,19172,0,163,6,478,811,79875,59131,187,170,56362,56266,60154,52,0,2,29,3,2309,2162,2382,2162,74,74
17007894,17007894,0,335445,0,0,335445,0,660,19567,19172,0,163,6,478,811,79943,59199,187,170,56362,56266,60154,52,0,2,29,3,2309,2162,2382,2162,74,74
17020026,17020026,0,335513,0,0,335513,0,661,19587,19195,0,163,6,479,812,80013,59269,187,170,56362,56266,60154,52,0,2,29,3,2309,2162,2382,2162,74,74
17032158,17032158,0,335581,0,0,335581,0,661,19589,19197,0,163,6,479,812,80081,59337,187,170,56362,56266,60154,52,0,2,29,3,2309,2162,2382,2162,74,74
17044290,17044290,0,335649,0,0,335649,0,663,19614,19229,0,163,3,479,813,80151,59407,187,170,56362,56266,60154,52,0,2,29,3,2309,2162,2382,2162,74,74
17056422,17056422,0,335717,0,0,335717,0,663,19614,19229,0,163,3,479,813,80219,59475,187,170,56362,56266,60154,52,0,2,29,3,2309,2162,2382,2162,74,74
17068554,17068554,0,335785,0,0,335785,0,664,19633,19249,0,163,3,480,814,80289,59545,187,170,56362,56266,60154,52,0,2,29,3,2309,2162,2382,2162,74,74
17080686,17080686,0,335853,0,0,335853,0,664,19633,19249,0,163,3,480,814,80357,59613,187,170,56362,56266,60154,52,0,2,29,3,2309,2162,2382,2162,74,74
17092818,17092818,0,335921,0,0,335921,0,665,19650,19268,0,163,3,481,815,80427,59683,187,170,56362,56266,60154,52,0,2,29,3,2309,2162,2382,2162,74,74
17104950,17104950,0,335989,0,0,335989,0,665,19650,19268,0,163,3,481,815,80495,59751,187,170,56362,56266,60154,52,0,2,29,3,2309,2162,2382,2162,74,74
17117082,17117082,0,336057,0,0,336057,0,666,19666,19286,0,163,3,482,816,80565,59821,187,170,56362,56266,60154,52,0,2,29,3,2309,2162,2382,2162,74,74
17129214,17129214,0,336125,0,0,336125,0,666,19666,19286,0,163,3,482,816,80633,59889,187,170,57225,57129,61023,52,0,2,29,3,2309,2162,2382,2162,74,74
17141346,17141346,0,336193,0,0,336193,0,667,19684,19305,0,165,3,483,817,80703,59959,187,170,57225,57129,61023,52,0,2,29,3,2309,2162,2382,2162,74,74
17153478,17153478,0,336261,0,0,336261,0,667,19684,19305,0,165,3,483,817,80771,60027,187,170,57225,57129,61023,52,0,2,29,3,2309,2162,2382,2162,74,74
17165610,17165610,0,336329,0,0,336329,0,668,19701,19324,0,165,3,484,818,80841,60098,187,170,57225,57129,61023,52,0,2,29,3,2309,2162,2382,2162,74,74
17177742,17177742,0,336397,0,0,336397,0,668,19702,19326,0,165,3,484,818,80909,60166,187,170,57225,57129,61023,52,0,2,29,3,2309,2162,2382,2162,74,74
17189874,17189874,0,336465,0,0,336465,0,668,19702,19326,0,165,3,484,818,80977,60234,187,170,57225,57129,61023,52,0,2,29,3,2309,2162,2382,2162,74,74
17202006,17202006,0,336533,0,0,336533,0,669,19719,19345,0,165,3,485,819,81047,60304,187,170,57225,57129,61023,52,0,2,29,3,2309,2162,2382,2162,74,74
17214138,17214138,0,336601,0,0,336601,0,669,19735,19358,0,165,4,485,820,81116,60373,187,170,57225,57129,61023,52,0,2,29,3,2309,2162,2382,2162,74,74
17226270,17226270,0,336669,0,0,336669,0,670,19751,19376,0,165,4,486,821,81186,60443,187,170,57225,57129,61023,52,0,2,29,3,2309,2162,2382,2162,74,74
17238402,17238402,0,336737,0,0,336737,0,670,19751,19376,0,165,4,486,821,81254,60511,187,170,57225,57129,61023,52,0,2,29,3,2309,2162,2382,2162,74,74
17250534,17250534,0,336805,0,0,336805,0,671,19767,19395,0,165,4,487,822,81324,60581,187,170,57225,57129,61023,52,0,2,29,3,2309,2162,2382,2162,74,74
17262666,17262666,0,336873,0,0,336873,0,671,19767,19395,0,165,4,487,822,81392,60649,187,170,57225,57129,61023,52,0,2,29,3,2309,2162,2382,2162,74,74
17274798,17274798,0,336941,0,0,336941,0,672,19782,19412,0,165,4,488,823,81462,60719,187,170,58072,57976,61867,52,0,2,29,3,2309,2162,2382,2162,74,74
17286930,17286930,0,337009,0,0,337009,0,672,19782,19412,0,165,4,488,823,81530,60787,187,170,58072,57976,61867,52,0,2,29,3,2309,2162,2382,2162,74,74
17299062,17299062,0,337077,0,0,337077,0,673,19798,19430,0,165,4,489,824,81600,60857,187,170,58072,57976,61867,52,0,2,29,3,2309,2162,2382,2162,74,74
17311194,17311194,0,337145,0,0,337145,0,673,19800,19434,0,165,3,489,824,81668,60925,187,170,58072,57976,61867,52,0,2,29,3,2309,2162,2382,2162,74,74
17323326,17323326,0,337213,0,0,337213,0,674,19817,19454,0,166,3,490,825,81738,60995,187,170,58072,57976,61867,52,0,2,29,3,2309,2162,2382,2162,74,74
17335458,17335458,0,337281,0,0,337281,0,674,19817,19454,0,166,3,490,825,81806,61063,187,170,58072,57976,61867,52,0,2,29,3,2309,2162,2382,2162,74,74
17347590,17347590,0,337349,0,0,337349,0,675,19834,19473,0,166,3,491,826,81876,61133,187,170,58072,57976,61867,52,0,2,29,3,2309,2162,2382,2162,74,74
17359722,17359722,0,337417,0,0,337417,0,675,19838,19476,0,166,3,491,826,81944,61201,187,170,58072,57976,61867,52,0,2,29,3,2309,2162,2382,2162,74,74
17371854,17371854,0,337485,0,0,337485,0,675,19851,19490,0,166,4,491,827,82014,61271,187,170,58072,57976,61867,52,0,2,29,3,2309,2162,2382,2162,74,74
17383986,17383986,0,337553,0,0,337553,0,676,19857,19495,0,166,3,492,827,82082,61339,187,170,58072,57976,61867,52,0,2,29,3,2309,2162,2382,2162,74,74
17396118,17396118,0,337621,0,0,337621,0,676,19857,19495,0,166,3,492,827,82150,61407,187,170,58072,57976,61867,52,0,2,29,3,2309,2162,2382,2162,74,74
17408250,17408250,0,337689,0,0,337689,0,677,19874,19514,0,166,3,493,828,82220,61477,187,170,58072,57976,61867,52,0,2,29,3,2309,2162,2382,2162,74,74
17420382,17420382,0,337757,0,0,337757,0,677,19874,19514,0,166,3,493,828,82288,61545,187,170,58904,58808,62700,52,0,2,29,3,2309,2162,2382,2162,74,74
17432514,17432514,0,337825,0,0,337825,0,678,19891,19533,0,166,3,494,829,82358,61615,187,170,58904,58808,62700,52,0,2,29,3,2309,2162,2382,2162,74,74
17444646,17444646,0,337893,0,0,337893,0,678,19891,19533,0,166,3,494,829,82426,61684,187,170,58904,58808,62700,52,0,2,29,3,2309,2162,2382,2162,74,74
17456778,17456778,0,337961,0,0,337961,0,679,19908,19552,0,166,3,495,830,82496,61754,187,170,58904,58808,62700,52,0,2,29,3,2309,2162,2382,2162,74,74
17468910,17468910,0,338029,0,0,338029,0,679,19908,19552,0,166,3,495,830,82564,61822,187,170,58904,58808,62700,52,0,2,29,3,2309,2162,2382,2162,74,74
17481042,17481042,0,338097,0,0,338097,0,680,19926,19570,0,166,3,496,831,82634,61892,187,170,58904,58808,62700,52,0,2,29,3,2309,2162,2382,2162,74,74
17493174,17493174,0,338165,0,0,338165,0,680,19926,19570,0,166,3,496,831,82702,61960,187,170,58904,58808,62700,52,0,2,29,3,2309,2162,2382,2162,74,74
17505306,17505306,0,338233,0,0,338233,0,681,19946,19592,0,166,3,497,832,82772,62030,187,170,58904,58808,62700,52,0,2,29,3,2309,2162,2382,2162,74,74
17517438,17517438,0,338301,0,0,338301,0,681,19946,19592,0,166,3,497,832,82840,62098,187,170,58904,58808,62700,52,0,2,29,3,2309,2162,2382,2162,74,74
17529570,17529570,0,338369,0,0,338369,0,682,19963,19611,0,166,3,498,833,82910,62168,187,170,58904,58808,62700,52,0,2,29,3,2309,2162,2382,2162,74,74
17541702,17541702,0,338437,0,0,338437,0,682,19963,19611,0,166,3,498,833,82978,62236,187,170,58904,58808,62700,52,0,2,29,3,2309,2162,2382,2162,74,74
17553834,17553834,0,338505,0,0,338505,0,683,19979,19629,0,166,3,499,834,83048,62306,187,170,58904,58808,62700,52,0,2,29,3,2309,2162,2382,2162,74,74
17565966,17565966,0,338573,0,0,338573,0,683,19979,19629,0,166,3,499,834,83116,62374,187,170,59736,59640,63531,52,0,2,29,3,2309,2162,2382,2162,74,74
17578098,17578098,0,338641,0,0,338641,0,683,19986,19638,0,166,4,499,835,83186,62444,187,170,59736,59640,63531,52,0,2,29,3,2309,2162,2382,2162,74,74
17590230,17590230,0,338709,0,0,338709,0,684,19996,19648,0,166,3,500,835,83254,62512,187,170,59736,59640,63531,52,0,2,29,3,2309,2162,2382,2162,74,74
17602362,17602362,0,338777,0,0,338777,0,684,19996,19648,0,166,3,500,835,83322,62580,187,170,59736,59640,63531,52,0,2,29,3,2309,2162,2382,2162,74,74
17614494,17614494,0,338845,0,0,338845,0,685,20017,19672,0,166,3,501,837,83394,62652,187,170,59736,59640,63531,52,0,2,29,3,2309,2162,2382,2162,74,74
17626626,17626626,0,338913,0,0,338913,0,685,20020,19676,0,166,2,501,837,83462,62720,187,170,59736,59640,63531,52,0,2,29,3,2309,2162,2382,2162,74,74
17638758,17638758,0,338981,0,0,338981,0,686,20035,19693,0,166,2,502,838,83532,62790,187,170,59736,59640,63531,52,0,2,29,3,2309,2162,2382,2162,74,74
17650890,17650890,0,339049,0,0,339049,0,686,20047,19706,0,166,2,502,839,83603,62861,187,170,59736,59640,63531,52,0,2,29,3,2309,2162,2382,2162,74,74
17663022,17663022,0,339117,0,0,339117,0,687,20064,19725,0,166,2,503,840,83673,62931,187,170,59736,59640,63531,52,0,2,29,3,2309,2162,2382,2162,74,74
17675154,17675154,0,339185,0,0,339185,0,687,20064,19725,0,166,2,503,840,83741,62999,187,170,59736,59640,63531,52,0,2,29,3,2309,2162,2382,2162,74,74
17687286,17687286,0,339253,0,0,339253,0,688,20085,19750,0,166,2,504,842,83813,63071,187,170,59736,59640,63531,52,0,2,29,3,2309,2162,2382,2162,74,74
17699418,17699418,0,339321,0,0,339321,0,688,20085,19750,0,166,2,504,842,83881,63139,187,170,59736,59640,63531,52,0,2,29,3,2309,2162,2382,2162,74,74
17711550,17711550,0,339389,0,0,339389,0,689,20102,19769,0,166,2,505,843,83951,63210,187,170,60590,60494,64389,52,0,2,29,3,2309,2162,2382,2162,74,74
17723682,17723682,0,339457,0,0,339457,0,689,20102,19769,0,166,2,505,843,84019,63278,187,170,60590,60494,64389,52,0,2,29,3,2309,2162,2382,2162,74,74
17735814,17735814,0,339525,0,0,339525,0,690,20119,19788,0,166,2,506,844,84089,63348,187,170,60590,60494,64389,52,0,2,29,3,2309,2162,2382,2162,74,74
17747946,17747946,0,339593,0,0,339593,0,690,20119,19788,0,166,2,506,844,84157,63416,187,170,60590,60494,64389,52,0,2,29,3,2309,2162,2382,2162,74,74
17760078,17760078,0,339661,0,0,339661,0,691,20135,19809,0,166,2,507,845,84227,63486,187,170,60590,60494,64389,52,0,2,29,3,2309,2162,2382,2162,74,74
17772210,17772210,0,339729,0,0,339729,0,692,20135,19812,0,166,1,508,845,84295,63554,187,170,60590,60494,64389,52,0,2,29,3,2309,2162,2382,2162,74,74
17784342,17784342,0,339797,0,0,339797,0,692,20171,19852,0,166,5,508,849,84371,63630,187,170,60590,60494,64389,52,0,2,29,3,2309,2162,2382,2162,74,74
17796474,17796474,0,339865,0,0,339865,0,693,20182,19862,0,166,4,509,849,84439,63698,187,170,60590,60494,64389,52,0,2,29,3,2309,2162,2382,2162,74,74
17808606,17808606,0,339933,0,0,339933,0,693,20182,19862,0,166,4,509,849,84507,63766,187,170,60590,60494,64389,52,0,2,29,3,2309,2162,2382,2162,74,74
17820738,17820738,0,340001,0,0,340001,0,694,20201,19882,0,166,4,510,850,84577,63836,187,170,60590,60494,64389,52,0,2,29,3,2309,2162,2382,2162,74,74
17832870,17832870,0,340069,0,0,340069,0,694,20201,19882,0,166,4,510,850,84645,63904,187,170,60590,60494,64389,52,0,2,29,3,2309,2162,2382,2162,74,74
17845002,17845002,0,340137,0,0,340137,0,695,20218,19901,0,166,4,511,851,84715,63974,187,170,60590,60494,64389,52,0,2,29,3,2309,2162,2382,2162,74,74
17857134,17857134,0,340205,0,0,340205,0,695,20218,19901,0,166,4,511,851,84783,64042,187,170,61454,61358,65257,52,0,2,29,3,2309,2162,2382,2162,74,74
17869266,17869266,0,340273,0,0,340273,0,696,20235,19920,0,166,4,512,852,84853,64112,187,170,61454,61358,65257,52,0,2,29,3,2309,2162,2382,2162,74,74
17881398,17881398,0,340341,0,0,340341,0,696,20235,19920,0,166,4,512,852,84921,64180,187,170,61454,61358,65257,52,0,2,29,3,2309,2162,2382,2162,74,74
17893530,17893530,0,340409,0,0,340409,0,697,20252,19939,0,166,4,513,853,84991,64250,187,170,61454,61358,65257,52,0,2,29,3,2309,2162,2382,2162,74,74
17905662,17905662,0,340477,0,0,340477,0,697,20252,19939,0,166,4,513,853,85059,64318,187,170,61454,61358,65257,52,0,2,29,3,2309,2162,2382,2162,74,74
ifInOctets,ifOutOctets,ifOutDiscards,ifInUcastPkts,ifInNUcastPkts,ifInDiscards,ifOutUcastPkts,ifOutNUcastPkts,tcpOutRsts,tcpInSegs,tcpOutSegs,tcpPassiveOpens,tcpRetransSegs,tcpCurrEstab,tcpEstabResets,tcpActiveOpens,udpInDatagrams,udpOutDatagrams,udpInErrors,udpNoPorts,ipSystemStatsInReceives,ipSystemStatsInDelivers,ipSystemStatsOutRequests,ipSystemStatsOutDiscards,ipSystemStatsInDiscards,ipSystemStatsInForwDatagrams,ipSystemStatsOutNoRoutes,ipSystemStatsInAddrErrors,icmpInMsgs,icmpInDestUnreachs,icmpOutMsgs,icmpOutDestUnreachs,icmpInEchos,icmpOutEchoReps
18528898,18528898,0,343997,0,0,343997,0,730,20838,20585,0,166,2,546,888,88603,67865,187,170,65355,65255,69149,52,0,2,29,3,2357,2162,2454,2162,98,98
